,Name,Size,Thread,Time
0,blackscholes,simsmall,1,0.144
1,blackscholes,simmedium,1,0.555
2,blackscholes,simlarge,1,2.318
3,blackscholes,simsmall,2,0.085
4,blackscholes,simmedium,2,0.311
5,blackscholes,simlarge,2,1.36
6,blackscholes,simsmall,4,0.056
7,blackscholes,simmedium,4,0.214
8,blackscholes,simlarge,4,0.798
9,blackscholes,simsmall,8,0.042
10,blackscholes,simmedium,8,0.153
11,blackscholes,simlarge,8,0.598
12,blackscholes,simsmall,12,0.044
13,blackscholes,simmedium,12,0.14
14,blackscholes,simlarge,12,0.477
15,blackscholes,simsmall,16,0.043
16,blackscholes,simmedium,16,0.131
17,blackscholes,simlarge,16,0.476
18,blackscholes,simsmall,20,0.039
19,blackscholes,simmedium,20,0.133
20,blackscholes,simlarge,20,0.46
21,blackscholes,simsmall,24,0.038
22,blackscholes,simmedium,24,0.122
23,blackscholes,simlarge,24,0.438
24,blackscholes,simsmall,28,0.044
25,blackscholes,simmedium,28,0.108
26,blackscholes,simlarge,28,0.424
27,blackscholes,simsmall,32,0.036
28,blackscholes,simmedium,32,0.111
29,blackscholes,simlarge,32,0.423
30,blackscholes,simsmall,1,0.144
31,blackscholes,simmedium,1,0.562
32,blackscholes,simlarge,1,2.211
33,blackscholes,simsmall,2,0.087
34,blackscholes,simmedium,2,0.343
35,blackscholes,simlarge,2,1.263
36,blackscholes,simsmall,4,0.063
37,blackscholes,simmedium,4,0.198
38,blackscholes,simlarge,4,0.874
39,blackscholes,simsmall,8,0.044
40,blackscholes,simmedium,8,0.157
41,blackscholes,simlarge,8,0.594
42,blackscholes,simsmall,12,0.044
43,blackscholes,simmedium,12,0.131
44,blackscholes,simlarge,12,0.511
45,blackscholes,simsmall,16,0.05
46,blackscholes,simmedium,16,0.134
47,blackscholes,simlarge,16,0.483
48,blackscholes,simsmall,20,0.039
49,blackscholes,simmedium,20,0.144
50,blackscholes,simlarge,20,0.463
51,blackscholes,simsmall,24,0.04
52,blackscholes,simmedium,24,0.118
53,blackscholes,simlarge,24,0.437
54,blackscholes,simsmall,28,0.045
55,blackscholes,simmedium,28,0.117
56,blackscholes,simlarge,28,0.436
57,blackscholes,simsmall,32,0.038
58,blackscholes,simmedium,32,0.116
59,blackscholes,simlarge,32,0.431
60,blackscholes,simsmall,1,0.174
61,blackscholes,simmedium,1,0.565
62,blackscholes,simlarge,1,2.24
63,blackscholes,simsmall,2,0.09
64,blackscholes,simmedium,2,0.34
65,blackscholes,simlarge,2,1.272
66,blackscholes,simsmall,4,0.055
67,blackscholes,simmedium,4,0.199
68,blackscholes,simlarge,4,0.787
69,blackscholes,simsmall,8,0.045
70,blackscholes,simmedium,8,0.173
71,blackscholes,simlarge,8,0.614
72,blackscholes,simsmall,12,0.044
73,blackscholes,simmedium,12,0.132
74,blackscholes,simlarge,12,0.5
75,blackscholes,simsmall,16,0.04
76,blackscholes,simmedium,16,0.124
77,blackscholes,simlarge,16,0.473
78,blackscholes,simsmall,20,0.038
79,blackscholes,simmedium,20,0.13
80,blackscholes,simlarge,20,0.456
81,blackscholes,simsmall,24,0.038
82,blackscholes,simmedium,24,0.119
83,blackscholes,simlarge,24,0.461
84,blackscholes,simsmall,28,0.039
85,blackscholes,simmedium,28,0.118
86,blackscholes,simlarge,28,0.433
87,blackscholes,simsmall,32,0.037
88,blackscholes,simmedium,32,0.119
89,blackscholes,simlarge,32,0.43
90,blackscholes,simsmall,1,0.207
91,blackscholes,simmedium,1,0.569
92,blackscholes,simlarge,1,2.247
93,blackscholes,simsmall,2,0.084
94,blackscholes,simmedium,2,0.308
95,blackscholes,simlarge,2,1.276
96,blackscholes,simsmall,4,0.057
97,blackscholes,simmedium,4,0.234
98,blackscholes,simlarge,4,0.868
99,blackscholes,simsmall,8,0.069
100,blackscholes,simmedium,8,0.158
101,blackscholes,simlarge,8,0.556
102,blackscholes,simsmall,12,0.037
103,blackscholes,simmedium,12,0.147
104,blackscholes,simlarge,12,0.488
105,blackscholes,simsmall,16,0.039
106,blackscholes,simmedium,16,0.14
107,blackscholes,simlarge,16,0.487
108,blackscholes,simsmall,20,0.038
109,blackscholes,simmedium,20,0.14
110,blackscholes,simlarge,20,0.473
111,blackscholes,simsmall,24,0.047
112,blackscholes,simmedium,24,0.121
113,blackscholes,simlarge,24,0.438
114,blackscholes,simsmall,28,0.038
115,blackscholes,simmedium,28,0.114
116,blackscholes,simlarge,28,0.469
117,blackscholes,simsmall,32,0.037
118,blackscholes,simmedium,32,0.115
119,blackscholes,simlarge,32,0.42
120,blackscholes,simsmall,1,0.141
121,blackscholes,simmedium,1,0.547
122,blackscholes,simlarge,1,2.198
123,blackscholes,simsmall,2,0.1
124,blackscholes,simmedium,2,0.321
125,blackscholes,simlarge,2,1.255
126,blackscholes,simsmall,4,0.076
127,blackscholes,simmedium,4,0.211
128,blackscholes,simlarge,4,0.786
129,blackscholes,simsmall,8,0.043
130,blackscholes,simmedium,8,0.167
131,blackscholes,simlarge,8,0.551
132,blackscholes,simsmall,12,0.036
133,blackscholes,simmedium,12,0.144
134,blackscholes,simlarge,12,0.516
135,blackscholes,simsmall,16,0.038
136,blackscholes,simmedium,16,0.128
137,blackscholes,simlarge,16,0.479
138,blackscholes,simsmall,20,0.046
139,blackscholes,simmedium,20,0.137
140,blackscholes,simlarge,20,0.47
141,blackscholes,simsmall,24,0.037
142,blackscholes,simmedium,24,0.12
143,blackscholes,simlarge,24,0.432
144,blackscholes,simsmall,28,0.038
145,blackscholes,simmedium,28,0.115
146,blackscholes,simlarge,28,0.396
147,blackscholes,simsmall,32,0.037
148,blackscholes,simmedium,32,0.115
149,blackscholes,simlarge,32,0.413
150,blackscholes,simsmall,1,0.142
151,blackscholes,simmedium,1,0.559
152,blackscholes,simlarge,1,2.242
153,blackscholes,simsmall,2,0.088
154,blackscholes,simmedium,2,0.326
155,blackscholes,simlarge,2,1.289
156,blackscholes,simsmall,4,0.08
157,blackscholes,simmedium,4,0.235
158,blackscholes,simlarge,4,0.83
159,blackscholes,simsmall,8,0.046
160,blackscholes,simmedium,8,0.151
161,blackscholes,simlarge,8,0.608
162,blackscholes,simsmall,12,0.036
163,blackscholes,simmedium,12,0.139
164,blackscholes,simlarge,12,0.518
165,blackscholes,simsmall,16,0.039
166,blackscholes,simmedium,16,0.132
167,blackscholes,simlarge,16,0.506
168,blackscholes,simsmall,20,0.038
169,blackscholes,simmedium,20,0.123
170,blackscholes,simlarge,20,0.468
171,blackscholes,simsmall,24,0.043
172,blackscholes,simmedium,24,0.129
173,blackscholes,simlarge,24,0.425
174,blackscholes,simsmall,28,0.039
175,blackscholes,simmedium,28,0.125
176,blackscholes,simlarge,28,0.447
177,blackscholes,simsmall,32,0.038
178,blackscholes,simmedium,32,0.12
179,blackscholes,simlarge,32,0.417
180,blackscholes,simsmall,1,0.146
181,blackscholes,simmedium,1,0.561
182,blackscholes,simlarge,1,2.248
183,blackscholes,simsmall,2,0.1
184,blackscholes,simmedium,2,0.339
185,blackscholes,simlarge,2,1.242
186,blackscholes,simsmall,4,0.064
187,blackscholes,simmedium,4,0.214
188,blackscholes,simlarge,4,0.811
189,blackscholes,simsmall,8,0.041
190,blackscholes,simmedium,8,0.164
191,blackscholes,simlarge,8,0.558
192,blackscholes,simsmall,12,0.038
193,blackscholes,simmedium,12,0.145
194,blackscholes,simlarge,12,0.48
195,blackscholes,simsmall,16,0.046
196,blackscholes,simmedium,16,0.13
197,blackscholes,simlarge,16,0.496
198,blackscholes,simsmall,20,0.041
199,blackscholes,simmedium,20,0.124
200,blackscholes,simlarge,20,0.441
201,blackscholes,simsmall,24,0.039
202,blackscholes,simmedium,24,0.114
203,blackscholes,simlarge,24,0.449
204,blackscholes,simsmall,28,0.037
205,blackscholes,simmedium,28,0.115
206,blackscholes,simlarge,28,0.452
207,blackscholes,simsmall,32,0.046
208,blackscholes,simmedium,32,0.123
209,blackscholes,simlarge,32,0.438
210,blackscholes,simsmall,1,0.145
211,blackscholes,simmedium,1,0.573
212,blackscholes,simlarge,1,2.267
213,blackscholes,simsmall,2,0.089
214,blackscholes,simmedium,2,0.35
215,blackscholes,simlarge,2,1.238
216,blackscholes,simsmall,4,0.062
217,blackscholes,simmedium,4,0.208
218,blackscholes,simlarge,4,0.766
219,blackscholes,simsmall,8,0.043
220,blackscholes,simmedium,8,0.141
221,blackscholes,simlarge,8,0.551
222,blackscholes,simsmall,12,0.046
223,blackscholes,simmedium,12,0.13
224,blackscholes,simlarge,12,0.475
225,blackscholes,simsmall,16,0.039
226,blackscholes,simmedium,16,0.129
227,blackscholes,simlarge,16,0.49
228,blackscholes,simsmall,20,0.041
229,blackscholes,simmedium,20,0.124
230,blackscholes,simlarge,20,0.458
231,blackscholes,simsmall,24,0.038
232,blackscholes,simmedium,24,0.118
233,blackscholes,simlarge,24,0.429
234,blackscholes,simsmall,28,0.05
235,blackscholes,simmedium,28,0.114
236,blackscholes,simlarge,28,0.437
237,blackscholes,simsmall,32,0.037
238,blackscholes,simmedium,32,0.119
239,blackscholes,simlarge,32,0.424
240,blackscholes,simsmall,1,0.148
241,blackscholes,simmedium,1,0.565
242,blackscholes,simlarge,1,2.186
243,blackscholes,simsmall,2,0.095
244,blackscholes,simmedium,2,0.331
245,blackscholes,simlarge,2,1.264
246,blackscholes,simsmall,4,0.066
247,blackscholes,simmedium,4,0.205
248,blackscholes,simlarge,4,0.795
249,blackscholes,simsmall,8,0.051
250,blackscholes,simmedium,8,0.152
251,blackscholes,simlarge,8,0.575
252,blackscholes,simsmall,12,0.043
253,blackscholes,simmedium,12,0.142
254,blackscholes,simlarge,12,0.489
255,blackscholes,simsmall,16,0.039
256,blackscholes,simmedium,16,0.126
257,blackscholes,simlarge,16,0.471
258,blackscholes,simsmall,20,0.038
259,blackscholes,simmedium,20,0.118
260,blackscholes,simlarge,20,0.432
261,blackscholes,simsmall,24,0.039
262,blackscholes,simmedium,24,0.131
263,blackscholes,simlarge,24,0.46
264,blackscholes,simsmall,28,0.039
265,blackscholes,simmedium,28,0.111
266,blackscholes,simlarge,28,0.478
267,blackscholes,simsmall,32,0.033
268,blackscholes,simmedium,32,0.118
269,blackscholes,simlarge,32,0.476
270,blackscholes,simsmall,1,0.148
271,blackscholes,simmedium,1,0.628
272,blackscholes,simlarge,1,2.211
273,blackscholes,simsmall,2,0.151
274,blackscholes,simmedium,2,0.322
275,blackscholes,simlarge,2,1.264
276,blackscholes,simsmall,4,0.057
277,blackscholes,simmedium,4,0.22
278,blackscholes,simlarge,4,0.788
279,blackscholes,simsmall,8,0.04
280,blackscholes,simmedium,8,0.149
281,blackscholes,simlarge,8,0.561
282,blackscholes,simsmall,12,0.044
283,blackscholes,simmedium,12,0.14
284,blackscholes,simlarge,12,0.501
285,blackscholes,simsmall,16,0.041
286,blackscholes,simmedium,16,0.133
287,blackscholes,simlarge,16,0.485
288,blackscholes,simsmall,20,0.046
289,blackscholes,simmedium,20,0.123
290,blackscholes,simlarge,20,0.44
291,blackscholes,simsmall,24,0.037
292,blackscholes,simmedium,24,0.118
293,blackscholes,simlarge,24,0.441
294,blackscholes,simsmall,28,0.045
295,blackscholes,simmedium,28,0.119
296,blackscholes,simlarge,28,0.428
297,blackscholes,simsmall,32,0.04
298,blackscholes,simmedium,32,0.12
299,blackscholes,simlarge,32,0.421
300,bodytrack,simsmall,1,0.486
301,bodytrack,simmedium,1,1.535
302,bodytrack,simlarge,1,5.212
303,bodytrack,simsmall,2,0.313
304,bodytrack,simmedium,2,0.862
305,bodytrack,simlarge,2,2.837
306,bodytrack,simsmall,4,0.24
307,bodytrack,simmedium,4,0.531
308,bodytrack,simlarge,4,1.64
309,bodytrack,simsmall,8,0.176
310,bodytrack,simmedium,8,0.421
311,bodytrack,simlarge,8,1.117
312,bodytrack,simsmall,12,0.168
313,bodytrack,simmedium,12,0.383
314,bodytrack,simlarge,12,0.982
315,bodytrack,simsmall,16,0.194
316,bodytrack,simmedium,16,0.413
317,bodytrack,simlarge,16,0.999
318,bodytrack,simsmall,20,0.2
319,bodytrack,simmedium,20,0.405
320,bodytrack,simlarge,20,0.953
321,bodytrack,simsmall,24,0.166
322,bodytrack,simmedium,24,0.407
323,bodytrack,simlarge,24,0.98
324,bodytrack,simsmall,28,0.195
325,bodytrack,simmedium,28,0.396
326,bodytrack,simlarge,28,0.973
327,bodytrack,simsmall,32,0.188
328,bodytrack,simmedium,32,0.375
329,bodytrack,simlarge,32,0.941
330,bodytrack,simsmall,1,0.483
331,bodytrack,simmedium,1,1.5
332,bodytrack,simlarge,1,5.175
333,bodytrack,simsmall,2,0.293
334,bodytrack,simmedium,2,0.836
335,bodytrack,simlarge,2,2.767
336,bodytrack,simsmall,4,0.205
337,bodytrack,simmedium,4,0.533
338,bodytrack,simlarge,4,1.668
339,bodytrack,simsmall,8,0.19
340,bodytrack,simmedium,8,0.388
341,bodytrack,simlarge,8,1.099
342,bodytrack,simsmall,12,0.172
343,bodytrack,simmedium,12,0.381
344,bodytrack,simlarge,12,0.968
345,bodytrack,simsmall,16,0.171
346,bodytrack,simmedium,16,0.398
347,bodytrack,simlarge,16,0.984
348,bodytrack,simsmall,20,0.192
349,bodytrack,simmedium,20,0.416
350,bodytrack,simlarge,20,1.015
351,bodytrack,simsmall,24,0.193
352,bodytrack,simmedium,24,0.406
353,bodytrack,simlarge,24,0.979
354,bodytrack,simsmall,28,0.188
355,bodytrack,simmedium,28,0.413
356,bodytrack,simlarge,28,1.021
357,bodytrack,simsmall,32,0.204
358,bodytrack,simmedium,32,0.402
359,bodytrack,simlarge,32,0.964
360,bodytrack,simsmall,1,0.52
361,bodytrack,simmedium,1,1.516
362,bodytrack,simlarge,1,5.164
363,bodytrack,simsmall,2,0.32
364,bodytrack,simmedium,2,0.832
365,bodytrack,simlarge,2,2.895
366,bodytrack,simsmall,4,0.241
367,bodytrack,simmedium,4,0.544
368,bodytrack,simlarge,4,1.664
369,bodytrack,simsmall,8,0.189
370,bodytrack,simmedium,8,0.434
371,bodytrack,simlarge,8,1.126
372,bodytrack,simsmall,12,0.205
373,bodytrack,simmedium,12,0.405
374,bodytrack,simlarge,12,1.04
375,bodytrack,simsmall,16,0.175
376,bodytrack,simmedium,16,0.417
377,bodytrack,simlarge,16,1.012
378,bodytrack,simsmall,20,0.195
379,bodytrack,simmedium,20,0.439
380,bodytrack,simlarge,20,1.037
381,bodytrack,simsmall,24,0.193
382,bodytrack,simmedium,24,0.406
383,bodytrack,simlarge,24,0.978
384,bodytrack,simsmall,28,0.191
385,bodytrack,simmedium,28,0.389
386,bodytrack,simlarge,28,0.973
387,bodytrack,simsmall,32,0.186
388,bodytrack,simmedium,32,0.407
389,bodytrack,simlarge,32,1.003
390,bodytrack,simsmall,1,0.506
391,bodytrack,simmedium,1,1.503
392,bodytrack,simlarge,1,5.197
393,bodytrack,simsmall,2,0.3
394,bodytrack,simmedium,2,0.856
395,bodytrack,simlarge,2,2.829
396,bodytrack,simsmall,4,0.215
397,bodytrack,simmedium,4,0.543
398,bodytrack,simlarge,4,1.641
399,bodytrack,simsmall,8,0.18
400,bodytrack,simmedium,8,0.417
401,bodytrack,simlarge,8,1.113
402,bodytrack,simsmall,12,0.219
403,bodytrack,simmedium,12,0.403
404,bodytrack,simlarge,12,0.982
405,bodytrack,simsmall,16,0.17
406,bodytrack,simmedium,16,0.364
407,bodytrack,simlarge,16,0.906
408,bodytrack,simsmall,20,0.163
409,bodytrack,simmedium,20,0.387
410,bodytrack,simlarge,20,0.999
411,bodytrack,simsmall,24,0.183
412,bodytrack,simmedium,24,0.457
413,bodytrack,simlarge,24,1.011
414,bodytrack,simsmall,28,0.184
415,bodytrack,simmedium,28,0.417
416,bodytrack,simlarge,28,0.995
417,bodytrack,simsmall,32,0.203
418,bodytrack,simmedium,32,0.422
419,bodytrack,simlarge,32,1.01
420,bodytrack,simsmall,1,0.499
421,bodytrack,simmedium,1,1.489
422,bodytrack,simlarge,1,5.138
423,bodytrack,simsmall,2,0.309
424,bodytrack,simmedium,2,0.873
425,bodytrack,simlarge,2,2.812
426,bodytrack,simsmall,4,0.212
427,bodytrack,simmedium,4,0.553
428,bodytrack,simlarge,4,1.684
429,bodytrack,simsmall,8,0.178
430,bodytrack,simmedium,8,0.416
431,bodytrack,simlarge,8,1.095
432,bodytrack,simsmall,12,0.211
433,bodytrack,simmedium,12,0.388
434,bodytrack,simlarge,12,0.99
435,bodytrack,simsmall,16,0.187
436,bodytrack,simmedium,16,0.402
437,bodytrack,simlarge,16,0.971
438,bodytrack,simsmall,20,0.204
439,bodytrack,simmedium,20,0.382
440,bodytrack,simlarge,20,1.006
441,bodytrack,simsmall,24,0.191
442,bodytrack,simmedium,24,0.396
443,bodytrack,simlarge,24,0.994
444,bodytrack,simsmall,28,0.204
445,bodytrack,simmedium,28,0.408
446,bodytrack,simlarge,28,1.033
447,bodytrack,simsmall,32,0.189
448,bodytrack,simmedium,32,0.39
449,bodytrack,simlarge,32,1.009
450,bodytrack,simsmall,1,0.53
451,bodytrack,simmedium,1,1.552
452,bodytrack,simlarge,1,5.225
453,bodytrack,simsmall,2,0.327
454,bodytrack,simmedium,2,0.88
455,bodytrack,simlarge,2,2.866
456,bodytrack,simsmall,4,0.234
457,bodytrack,simmedium,4,0.55
458,bodytrack,simlarge,4,1.716
459,bodytrack,simsmall,8,0.21
460,bodytrack,simmedium,8,0.486
461,bodytrack,simlarge,8,1.113
462,bodytrack,simsmall,12,0.182
463,bodytrack,simmedium,12,0.404
464,bodytrack,simlarge,12,1.05
465,bodytrack,simsmall,16,0.175
466,bodytrack,simmedium,16,0.378
467,bodytrack,simlarge,16,0.977
468,bodytrack,simsmall,20,0.191
469,bodytrack,simmedium,20,0.389
470,bodytrack,simlarge,20,1.051
471,bodytrack,simsmall,24,0.193
472,bodytrack,simmedium,24,0.426
473,bodytrack,simlarge,24,1.033
474,bodytrack,simsmall,28,0.189
475,bodytrack,simmedium,28,0.385
476,bodytrack,simlarge,28,0.982
477,bodytrack,simsmall,32,0.186
478,bodytrack,simmedium,32,0.435
479,bodytrack,simlarge,32,0.953
480,bodytrack,simsmall,1,0.478
481,bodytrack,simmedium,1,1.477
482,bodytrack,simlarge,1,5.268
483,bodytrack,simsmall,2,0.311
484,bodytrack,simmedium,2,0.848
485,bodytrack,simlarge,2,2.85
486,bodytrack,simsmall,4,0.22
487,bodytrack,simmedium,4,0.556
488,bodytrack,simlarge,4,1.692
489,bodytrack,simsmall,8,0.182
490,bodytrack,simmedium,8,0.444
491,bodytrack,simlarge,8,1.134
492,bodytrack,simsmall,12,0.177
493,bodytrack,simmedium,12,0.395
494,bodytrack,simlarge,12,1.003
495,bodytrack,simsmall,16,0.19
496,bodytrack,simmedium,16,0.389
497,bodytrack,simlarge,16,1.012
498,bodytrack,simsmall,20,0.19
499,bodytrack,simmedium,20,0.389
500,bodytrack,simlarge,20,0.978
501,bodytrack,simsmall,24,0.193
502,bodytrack,simmedium,24,0.402
503,bodytrack,simlarge,24,1.038
504,bodytrack,simsmall,28,0.186
505,bodytrack,simmedium,28,0.432
506,bodytrack,simlarge,28,1.014
507,bodytrack,simsmall,32,0.212
508,bodytrack,simmedium,32,0.414
509,bodytrack,simlarge,32,0.992
510,bodytrack,simsmall,1,0.491
511,bodytrack,simmedium,1,1.496
512,bodytrack,simlarge,1,5.08
513,bodytrack,simsmall,2,0.312
514,bodytrack,simmedium,2,0.843
515,bodytrack,simlarge,2,2.819
516,bodytrack,simsmall,4,0.214
517,bodytrack,simmedium,4,0.542
518,bodytrack,simlarge,4,1.681
519,bodytrack,simsmall,8,0.182
520,bodytrack,simmedium,8,0.454
521,bodytrack,simlarge,8,1.136
522,bodytrack,simsmall,12,0.19
523,bodytrack,simmedium,12,0.375
524,bodytrack,simlarge,12,1.034
525,bodytrack,simsmall,16,0.197
526,bodytrack,simmedium,16,0.384
527,bodytrack,simlarge,16,1.007
528,bodytrack,simsmall,20,0.175
529,bodytrack,simmedium,20,0.412
530,bodytrack,simlarge,20,0.974
531,bodytrack,simsmall,24,0.17
532,bodytrack,simmedium,24,0.437
533,bodytrack,simlarge,24,0.91
534,bodytrack,simsmall,28,0.188
535,bodytrack,simmedium,28,0.359
536,bodytrack,simlarge,28,0.935
537,bodytrack,simsmall,32,0.185
538,bodytrack,simmedium,32,0.418
539,bodytrack,simlarge,32,0.963
540,bodytrack,simsmall,1,0.503
541,bodytrack,simmedium,1,1.524
542,bodytrack,simlarge,1,5.152
543,bodytrack,simsmall,2,0.318
544,bodytrack,simmedium,2,0.881
545,bodytrack,simlarge,2,2.914
546,bodytrack,simsmall,4,0.224
547,bodytrack,simmedium,4,0.552
548,bodytrack,simlarge,4,1.68
549,bodytrack,simsmall,8,0.175
550,bodytrack,simmedium,8,0.39
551,bodytrack,simlarge,8,1.138
552,bodytrack,simsmall,12,0.178
553,bodytrack,simmedium,12,0.379
554,bodytrack,simlarge,12,1.005
555,bodytrack,simsmall,16,0.19
556,bodytrack,simmedium,16,0.43
557,bodytrack,simlarge,16,1.07
558,bodytrack,simsmall,20,0.221
559,bodytrack,simmedium,20,0.43
560,bodytrack,simlarge,20,0.98
561,bodytrack,simsmall,24,0.18
562,bodytrack,simmedium,24,0.416
563,bodytrack,simlarge,24,1.045
564,bodytrack,simsmall,28,0.193
565,bodytrack,simmedium,28,0.424
566,bodytrack,simlarge,28,1.035
567,bodytrack,simsmall,32,0.191
568,bodytrack,simmedium,32,0.423
569,bodytrack,simlarge,32,0.958
570,bodytrack,simsmall,1,0.493
571,bodytrack,simmedium,1,1.539
572,bodytrack,simlarge,1,5.135
573,bodytrack,simsmall,2,0.33
574,bodytrack,simmedium,2,0.893
575,bodytrack,simlarge,2,2.867
576,bodytrack,simsmall,4,0.217
577,bodytrack,simmedium,4,0.56
578,bodytrack,simlarge,4,1.721
579,bodytrack,simsmall,8,0.18
580,bodytrack,simmedium,8,0.416
581,bodytrack,simlarge,8,1.133
582,bodytrack,simsmall,12,0.214
583,bodytrack,simmedium,12,0.432
584,bodytrack,simlarge,12,0.99
585,bodytrack,simsmall,16,0.187
586,bodytrack,simmedium,16,0.4
587,bodytrack,simlarge,16,1.011
588,bodytrack,simsmall,20,0.189
589,bodytrack,simmedium,20,0.399
590,bodytrack,simlarge,20,0.998
591,bodytrack,simsmall,24,0.197
592,bodytrack,simmedium,24,0.406
593,bodytrack,simlarge,24,0.978
594,bodytrack,simsmall,28,0.207
595,bodytrack,simmedium,28,0.407
596,bodytrack,simlarge,28,0.98
597,bodytrack,simsmall,32,0.204
598,bodytrack,simmedium,32,0.404
599,bodytrack,simlarge,32,1.048
600,canneal,simsmall,1,3.507
601,canneal,simmedium,1,7.873
602,canneal,simlarge,1,16.979
603,canneal,simsmall,2,2.227
604,canneal,simmedium,2,6.158
605,canneal,simlarge,2,10.992
606,canneal,simsmall,4,1.901
607,canneal,simmedium,4,5.075
608,canneal,simlarge,4,11.952
609,canneal,simsmall,8,2.623
610,canneal,simmedium,8,4.925
611,canneal,simlarge,8,13.384
612,canneal,simsmall,12,2.308
613,canneal,simmedium,12,5.441
614,canneal,simlarge,12,12.711
615,canneal,simsmall,16,2.278
616,canneal,simmedium,16,5.745
617,canneal,simlarge,16,11.304
618,canneal,simsmall,20,2.135
619,canneal,simmedium,20,4.378
620,canneal,simlarge,20,13.578
621,canneal,simsmall,24,2.461
622,canneal,simmedium,24,6.062
623,canneal,simlarge,24,12.458
624,canneal,simsmall,28,2.458
625,canneal,simmedium,28,6.519
626,canneal,simlarge,28,11.876
627,canneal,simsmall,32,2.108
628,canneal,simmedium,32,4.965
629,canneal,simlarge,32,13.351
630,canneal,simsmall,1,3.323
631,canneal,simmedium,1,9.198
632,canneal,simlarge,1,18.489
633,canneal,simsmall,2,2.834
634,canneal,simmedium,2,7.614
635,canneal,simlarge,2,15.55
636,canneal,simsmall,4,2.363
637,canneal,simmedium,4,6.662
638,canneal,simlarge,4,10.625
639,canneal,simsmall,8,2.114
640,canneal,simmedium,8,5.7
641,canneal,simlarge,8,13.592
642,canneal,simsmall,12,1.984
643,canneal,simmedium,12,5.516
644,canneal,simlarge,12,12.495
645,canneal,simsmall,16,2.031
646,canneal,simmedium,16,5.629
647,canneal,simlarge,16,13.415
648,canneal,simsmall,20,1.859
649,canneal,simmedium,20,6.638
650,canneal,simlarge,20,12.629
651,canneal,simsmall,24,2.597
652,canneal,simmedium,24,6.07
653,canneal,simlarge,24,12.765
654,canneal,simsmall,28,2.322
655,canneal,simmedium,28,5.714
656,canneal,simlarge,28,10.159
657,canneal,simsmall,32,2.23
658,canneal,simmedium,32,6.149
659,canneal,simlarge,32,11.189
660,canneal,simsmall,1,3.842
661,canneal,simmedium,1,8.702
662,canneal,simlarge,1,17.888
663,canneal,simsmall,2,2.512
664,canneal,simmedium,2,6.601
665,canneal,simlarge,2,14.294
666,canneal,simsmall,4,2.472
667,canneal,simmedium,4,4.67
668,canneal,simlarge,4,13.765
669,canneal,simsmall,8,2.305
670,canneal,simmedium,8,6.067
671,canneal,simlarge,8,11.871
672,canneal,simsmall,12,2.384
673,canneal,simmedium,12,6.132
674,canneal,simlarge,12,12.976
675,canneal,simsmall,16,2.325
676,canneal,simmedium,16,5.466
677,canneal,simlarge,16,11.665
678,canneal,simsmall,20,2.084
679,canneal,simmedium,20,5.535
680,canneal,simlarge,20,12.474
681,canneal,simsmall,24,2.561
682,canneal,simmedium,24,5.804
683,canneal,simlarge,24,11.608
684,canneal,simsmall,28,2.119
685,canneal,simmedium,28,5.049
686,canneal,simlarge,28,12.002
687,canneal,simsmall,32,2.154
688,canneal,simmedium,32,6.52
689,canneal,simlarge,32,14.903
690,canneal,simsmall,1,3.299
691,canneal,simmedium,1,8.013
692,canneal,simlarge,1,18.241
693,canneal,simsmall,2,2.179
694,canneal,simmedium,2,6.374
695,canneal,simlarge,2,13.052
696,canneal,simsmall,4,2.242
697,canneal,simmedium,4,6.366
698,canneal,simlarge,4,14.222
699,canneal,simsmall,8,1.866
700,canneal,simmedium,8,6.618
701,canneal,simlarge,8,12.137
702,canneal,simsmall,12,2.253
703,canneal,simmedium,12,5.901
704,canneal,simlarge,12,14.061
705,canneal,simsmall,16,2.687
706,canneal,simmedium,16,5.743
707,canneal,simlarge,16,11.713
708,canneal,simsmall,20,2.201
709,canneal,simmedium,20,6.008
710,canneal,simlarge,20,12.553
711,canneal,simsmall,24,2.39
712,canneal,simmedium,24,5.546
713,canneal,simlarge,24,12.377
714,canneal,simsmall,28,2.164
715,canneal,simmedium,28,5.989
716,canneal,simlarge,28,11.727
717,canneal,simsmall,32,2.701
718,canneal,simmedium,32,6.081
719,canneal,simlarge,32,12.269
720,canneal,simsmall,1,2.815
721,canneal,simmedium,1,8.653
722,canneal,simlarge,1,17.756
723,canneal,simsmall,2,2.544
724,canneal,simmedium,2,7.437
725,canneal,simlarge,2,14.07
726,canneal,simsmall,4,2.882
727,canneal,simmedium,4,6.392
728,canneal,simlarge,4,12.288
729,canneal,simsmall,8,2.171
730,canneal,simmedium,8,5.115
731,canneal,simlarge,8,10.673
732,canneal,simsmall,12,2.276
733,canneal,simmedium,12,6.848
734,canneal,simlarge,12,12.539
735,canneal,simsmall,16,2.438
736,canneal,simmedium,16,5.455
737,canneal,simlarge,16,13.103
738,canneal,simsmall,20,2.701
739,canneal,simmedium,20,4.118
740,canneal,simlarge,20,12.097
741,canneal,simsmall,24,2.455
742,canneal,simmedium,24,6.001
743,canneal,simlarge,24,10.542
744,canneal,simsmall,28,1.788
745,canneal,simmedium,28,5.599
746,canneal,simlarge,28,12.944
747,canneal,simsmall,32,2.576
748,canneal,simmedium,32,5.69
749,canneal,simlarge,32,12.078
750,canneal,simsmall,1,3.325
751,canneal,simmedium,1,7.884
752,canneal,simlarge,1,14.384
753,canneal,simsmall,2,2.65
754,canneal,simmedium,2,6.349
755,canneal,simlarge,2,15.975
756,canneal,simsmall,4,1.928
757,canneal,simmedium,4,6.214
758,canneal,simlarge,4,12.665
759,canneal,simsmall,8,2.333
760,canneal,simmedium,8,6.361
761,canneal,simlarge,8,9.957
762,canneal,simsmall,12,2.284
763,canneal,simmedium,12,5.719
764,canneal,simlarge,12,12.332
765,canneal,simsmall,16,1.943
766,canneal,simmedium,16,6.661
767,canneal,simlarge,16,12.983
768,canneal,simsmall,20,2.291
769,canneal,simmedium,20,5.333
770,canneal,simlarge,20,11.089
771,canneal,simsmall,24,2.664
772,canneal,simmedium,24,5.559
773,canneal,simlarge,24,9.782
774,canneal,simsmall,28,2.415
775,canneal,simmedium,28,4.746
776,canneal,simlarge,28,11.917
777,canneal,simsmall,32,2.304
778,canneal,simmedium,32,5.792
779,canneal,simlarge,32,12.798
780,canneal,simsmall,1,3.417
781,canneal,simmedium,1,8.64
782,canneal,simlarge,1,17.814
783,canneal,simsmall,2,2.862
784,canneal,simmedium,2,6.567
785,canneal,simlarge,2,15.067
786,canneal,simsmall,4,2.763
787,canneal,simmedium,4,4.75
788,canneal,simlarge,4,13.008
789,canneal,simsmall,8,2.455
790,canneal,simmedium,8,5.403
791,canneal,simlarge,8,13.564
792,canneal,simsmall,12,2.75
793,canneal,simmedium,12,5.922
794,canneal,simlarge,12,12.496
795,canneal,simsmall,16,2.181
796,canneal,simmedium,16,5.777
797,canneal,simlarge,16,12.08
798,canneal,simsmall,20,2.328
799,canneal,simmedium,20,5.053
800,canneal,simlarge,20,10.35
801,canneal,simsmall,24,2.413
802,canneal,simmedium,24,5.897
803,canneal,simlarge,24,14.031
804,canneal,simsmall,28,2.614
805,canneal,simmedium,28,4.334
806,canneal,simlarge,28,10.645
807,canneal,simsmall,32,2.175
808,canneal,simmedium,32,5.177
809,canneal,simlarge,32,12.518
810,canneal,simsmall,1,3.434
811,canneal,simmedium,1,8.786
812,canneal,simlarge,1,16.911
813,canneal,simsmall,2,3.144
814,canneal,simmedium,2,6.826
815,canneal,simlarge,2,14.215
816,canneal,simsmall,4,2.256
817,canneal,simmedium,4,6.945
818,canneal,simlarge,4,13.973
819,canneal,simsmall,8,2.366
820,canneal,simmedium,8,6.156
821,canneal,simlarge,8,11.505
822,canneal,simsmall,12,1.846
823,canneal,simmedium,12,6.045
824,canneal,simlarge,12,10.891
825,canneal,simsmall,16,2.467
826,canneal,simmedium,16,5.206
827,canneal,simlarge,16,10.545
828,canneal,simsmall,20,2.172
829,canneal,simmedium,20,5.286
830,canneal,simlarge,20,13.382
831,canneal,simsmall,24,2.428
832,canneal,simmedium,24,5.413
833,canneal,simlarge,24,11.906
834,canneal,simsmall,28,2.25
835,canneal,simmedium,28,5.106
836,canneal,simlarge,28,11.674
837,canneal,simsmall,32,2.177
838,canneal,simmedium,32,5.805
839,canneal,simlarge,32,10.555
840,canneal,simsmall,1,2.63
841,canneal,simmedium,1,9.058
842,canneal,simlarge,1,19.532
843,canneal,simsmall,2,3.112
844,canneal,simmedium,2,6.41
845,canneal,simlarge,2,13.176
846,canneal,simsmall,4,2.152
847,canneal,simmedium,4,4.917
848,canneal,simlarge,4,13.048
849,canneal,simsmall,8,2.48
850,canneal,simmedium,8,5.243
851,canneal,simlarge,8,13.107
852,canneal,simsmall,12,2.505
853,canneal,simmedium,12,4.69
854,canneal,simlarge,12,12.023
855,canneal,simsmall,16,1.83
856,canneal,simmedium,16,4.474
857,canneal,simlarge,16,11.304
858,canneal,simsmall,20,2.497
859,canneal,simmedium,20,5.352
860,canneal,simlarge,20,11.929
861,canneal,simsmall,24,2.22
862,canneal,simmedium,24,5.367
863,canneal,simlarge,24,12.78
864,canneal,simsmall,28,1.994
865,canneal,simmedium,28,5.436
866,canneal,simlarge,28,11.0
867,canneal,simsmall,32,2.478
868,canneal,simmedium,32,5.83
869,canneal,simlarge,32,12.575
870,canneal,simsmall,1,3.229
871,canneal,simmedium,1,9.921
872,canneal,simlarge,1,18.808
873,canneal,simsmall,2,2.698
874,canneal,simmedium,2,6.313
875,canneal,simlarge,2,15.94
876,canneal,simsmall,4,2.415
877,canneal,simmedium,4,6.021
878,canneal,simlarge,4,14.65
879,canneal,simsmall,8,2.157
880,canneal,simmedium,8,5.799
881,canneal,simlarge,8,13.334
882,canneal,simsmall,12,2.336
883,canneal,simmedium,12,5.22
884,canneal,simlarge,12,9.792
885,canneal,simsmall,16,2.482
886,canneal,simmedium,16,4.949
887,canneal,simlarge,16,10.882
888,canneal,simsmall,20,2.592
889,canneal,simmedium,20,5.787
890,canneal,simlarge,20,12.879
891,canneal,simsmall,24,2.562
892,canneal,simmedium,24,5.081
893,canneal,simlarge,24,14.033
894,canneal,simsmall,28,2.24
895,canneal,simmedium,28,5.306
896,canneal,simlarge,28,12.556
897,canneal,simsmall,32,2.243
898,canneal,simmedium,32,5.684
899,canneal,simlarge,32,11.356
900,facesim,simsmall,1,11.176
901,facesim,simmedium,1,11.316
902,facesim,simlarge,1,11.395
903,facesim,simsmall,2,8.492
904,facesim,simmedium,2,8.989
905,facesim,simlarge,2,8.858
906,facesim,simsmall,4,6.491
907,facesim,simmedium,4,6.66
908,facesim,simlarge,4,7.321
909,facesim,simsmall,8,6.668
910,facesim,simmedium,8,6.212
911,facesim,simlarge,8,7.012
912,facesim,simsmall,12,0.016
913,facesim,simmedium,12,0.019
914,facesim,simlarge,12,0.019
915,facesim,simsmall,16,7.296
916,facesim,simmedium,16,6.733
917,facesim,simlarge,16,6.606
918,facesim,simsmall,20,0.019
919,facesim,simmedium,20,0.018
920,facesim,simlarge,20,0.024
921,facesim,simsmall,24,0.021
922,facesim,simmedium,24,0.025
923,facesim,simlarge,24,0.026
924,facesim,simsmall,28,0.018
925,facesim,simmedium,28,0.019
926,facesim,simlarge,28,0.019
927,facesim,simsmall,32,7.585
928,facesim,simmedium,32,7.627
929,facesim,simlarge,32,7.284
930,facesim,simsmall,1,10.847
931,facesim,simmedium,1,11.922
932,facesim,simlarge,1,12.182
933,facesim,simsmall,2,8.776
934,facesim,simmedium,2,8.52
935,facesim,simlarge,2,8.725
936,facesim,simsmall,4,7.105
937,facesim,simmedium,4,6.815
938,facesim,simlarge,4,6.845
939,facesim,simsmall,8,6.411
940,facesim,simmedium,8,6.556
941,facesim,simlarge,8,6.402
942,facesim,simsmall,12,0.019
943,facesim,simmedium,12,0.018
944,facesim,simlarge,12,0.03
945,facesim,simsmall,16,6.619
946,facesim,simmedium,16,6.709
947,facesim,simlarge,16,6.631
948,facesim,simsmall,20,0.021
949,facesim,simmedium,20,0.031
950,facesim,simlarge,20,0.021
951,facesim,simsmall,24,0.02
952,facesim,simmedium,24,0.021
953,facesim,simlarge,24,0.021
954,facesim,simsmall,28,0.02
955,facesim,simmedium,28,0.022
956,facesim,simlarge,28,0.019
957,facesim,simsmall,32,7.145
958,facesim,simmedium,32,7.015
959,facesim,simlarge,32,7.228
960,facesim,simsmall,1,11.903
961,facesim,simmedium,1,11.354
962,facesim,simlarge,1,13.064
963,facesim,simsmall,2,8.628
964,facesim,simmedium,2,8.571
965,facesim,simlarge,2,8.503
966,facesim,simsmall,4,6.666
967,facesim,simmedium,4,6.947
968,facesim,simlarge,4,7.376
969,facesim,simsmall,8,6.018
970,facesim,simmedium,8,6.121
971,facesim,simlarge,8,6.418
972,facesim,simsmall,12,0.028
973,facesim,simmedium,12,0.018
974,facesim,simlarge,12,0.018
975,facesim,simsmall,16,6.4
976,facesim,simmedium,16,6.409
977,facesim,simlarge,16,6.514
978,facesim,simsmall,20,0.019
979,facesim,simmedium,20,0.02
980,facesim,simlarge,20,0.02
981,facesim,simsmall,24,0.018
982,facesim,simmedium,24,0.019
983,facesim,simlarge,24,0.021
984,facesim,simsmall,28,0.02
985,facesim,simmedium,28,0.022
986,facesim,simlarge,28,0.02
987,facesim,simsmall,32,7.437
988,facesim,simmedium,32,7.699
989,facesim,simlarge,32,7.152
990,facesim,simsmall,1,11.877
991,facesim,simmedium,1,12.685
992,facesim,simlarge,1,11.797
993,facesim,simsmall,2,8.282
994,facesim,simmedium,2,8.396
995,facesim,simlarge,2,8.357
996,facesim,simsmall,4,6.878
997,facesim,simmedium,4,6.718
998,facesim,simlarge,4,6.972
999,facesim,simsmall,8,6.308
1000,facesim,simmedium,8,6.51
1001,facesim,simlarge,8,6.379
1002,facesim,simsmall,12,0.018
1003,facesim,simmedium,12,0.017
1004,facesim,simlarge,12,0.016
1005,facesim,simsmall,16,7.002
1006,facesim,simmedium,16,7.003
1007,facesim,simlarge,16,6.61
1008,facesim,simsmall,20,0.019
1009,facesim,simmedium,20,0.019
1010,facesim,simlarge,20,0.018
1011,facesim,simsmall,24,0.021
1012,facesim,simmedium,24,0.025
1013,facesim,simlarge,24,0.018
1014,facesim,simsmall,28,0.02
1015,facesim,simmedium,28,0.018
1016,facesim,simlarge,28,0.023
1017,facesim,simsmall,32,7.513
1018,facesim,simmedium,32,7.189
1019,facesim,simlarge,32,7.349
1020,facesim,simsmall,1,11.974
1021,facesim,simmedium,1,12.323
1022,facesim,simlarge,1,11.521
1023,facesim,simsmall,2,8.759
1024,facesim,simmedium,2,8.854
1025,facesim,simlarge,2,8.667
1026,facesim,simsmall,4,6.835
1027,facesim,simmedium,4,7.319
1028,facesim,simlarge,4,7.354
1029,facesim,simsmall,8,6.593
1030,facesim,simmedium,8,6.563
1031,facesim,simlarge,8,6.462
1032,facesim,simsmall,12,0.016
1033,facesim,simmedium,12,0.017
1034,facesim,simlarge,12,0.016
1035,facesim,simsmall,16,6.607
1036,facesim,simmedium,16,6.749
1037,facesim,simlarge,16,7.329
1038,facesim,simsmall,20,0.023
1039,facesim,simmedium,20,0.019
1040,facesim,simlarge,20,0.024
1041,facesim,simsmall,24,0.021
1042,facesim,simmedium,24,0.022
1043,facesim,simlarge,24,0.019
1044,facesim,simsmall,28,0.019
1045,facesim,simmedium,28,0.027
1046,facesim,simlarge,28,0.019
1047,facesim,simsmall,32,7.382
1048,facesim,simmedium,32,7.28
1049,facesim,simlarge,32,7.397
1050,facesim,simsmall,1,11.394
1051,facesim,simmedium,1,11.439
1052,facesim,simlarge,1,11.22
1053,facesim,simsmall,2,9.019
1054,facesim,simmedium,2,8.994
1055,facesim,simlarge,2,7.859
1056,facesim,simsmall,4,6.764
1057,facesim,simmedium,4,7.024
1058,facesim,simlarge,4,6.986
1059,facesim,simsmall,8,6.459
1060,facesim,simmedium,8,5.903
1061,facesim,simlarge,8,6.331
1062,facesim,simsmall,12,0.02
1063,facesim,simmedium,12,0.018
1064,facesim,simlarge,12,0.019
1065,facesim,simsmall,16,6.832
1066,facesim,simmedium,16,6.495
1067,facesim,simlarge,16,6.926
1068,facesim,simsmall,20,0.018
1069,facesim,simmedium,20,0.019
1070,facesim,simlarge,20,0.022
1071,facesim,simsmall,24,0.02
1072,facesim,simmedium,24,0.02
1073,facesim,simlarge,24,0.019
1074,facesim,simsmall,28,0.021
1075,facesim,simmedium,28,0.02
1076,facesim,simlarge,28,0.018
1077,facesim,simsmall,32,7.031
1078,facesim,simmedium,32,7.263
1079,facesim,simlarge,32,7.431
1080,facesim,simsmall,1,11.31
1081,facesim,simmedium,1,10.789
1082,facesim,simlarge,1,10.776
1083,facesim,simsmall,2,8.302
1084,facesim,simmedium,2,7.859
1085,facesim,simlarge,2,8.044
1086,facesim,simsmall,4,6.806
1087,facesim,simmedium,4,6.453
1088,facesim,simlarge,4,7.093
1089,facesim,simsmall,8,6.133
1090,facesim,simmedium,8,6.776
1091,facesim,simlarge,8,6.887
1092,facesim,simsmall,12,0.018
1093,facesim,simmedium,12,0.02
1094,facesim,simlarge,12,0.02
1095,facesim,simsmall,16,7.046
1096,facesim,simmedium,16,6.861
1097,facesim,simlarge,16,6.691
1098,facesim,simsmall,20,0.021
1099,facesim,simmedium,20,0.02
1100,facesim,simlarge,20,0.019
1101,facesim,simsmall,24,0.021
1102,facesim,simmedium,24,0.021
1103,facesim,simlarge,24,0.02
1104,facesim,simsmall,28,0.021
1105,facesim,simmedium,28,0.021
1106,facesim,simlarge,28,0.022
1107,facesim,simsmall,32,7.56
1108,facesim,simmedium,32,7.092
1109,facesim,simlarge,32,7.617
1110,facesim,simsmall,1,11.512
1111,facesim,simmedium,1,11.486
1112,facesim,simlarge,1,11.578
1113,facesim,simsmall,2,7.763
1114,facesim,simmedium,2,7.982
1115,facesim,simlarge,2,8.582
1116,facesim,simsmall,4,6.918
1117,facesim,simmedium,4,6.953
1118,facesim,simlarge,4,7.222
1119,facesim,simsmall,8,6.634
1120,facesim,simmedium,8,6.83
1121,facesim,simlarge,8,6.722
1122,facesim,simsmall,12,0.021
1123,facesim,simmedium,12,0.02
1124,facesim,simlarge,12,0.018
1125,facesim,simsmall,16,6.876
1126,facesim,simmedium,16,6.504
1127,facesim,simlarge,16,6.503
1128,facesim,simsmall,20,0.019
1129,facesim,simmedium,20,0.023
1130,facesim,simlarge,20,0.018
1131,facesim,simsmall,24,0.018
1132,facesim,simmedium,24,0.02
1133,facesim,simlarge,24,0.023
1134,facesim,simsmall,28,0.02
1135,facesim,simmedium,28,0.018
1136,facesim,simlarge,28,0.021
1137,facesim,simsmall,32,6.869
1138,facesim,simmedium,32,7.13
1139,facesim,simlarge,32,7.415
1140,facesim,simsmall,1,12.04
1141,facesim,simmedium,1,12.059
1142,facesim,simlarge,1,12.304
1143,facesim,simsmall,2,8.55
1144,facesim,simmedium,2,8.98
1145,facesim,simlarge,2,8.774
1146,facesim,simsmall,4,7.103
1147,facesim,simmedium,4,7.089
1148,facesim,simlarge,4,7.025
1149,facesim,simsmall,8,5.881
1150,facesim,simmedium,8,6.395
1151,facesim,simlarge,8,6.562
1152,facesim,simsmall,12,0.02
1153,facesim,simmedium,12,0.025
1154,facesim,simlarge,12,0.033
1155,facesim,simsmall,16,6.64
1156,facesim,simmedium,16,6.303
1157,facesim,simlarge,16,6.655
1158,facesim,simsmall,20,0.017
1159,facesim,simmedium,20,0.018
1160,facesim,simlarge,20,0.02
1161,facesim,simsmall,24,0.019
1162,facesim,simmedium,24,0.019
1163,facesim,simlarge,24,0.019
1164,facesim,simsmall,28,0.02
1165,facesim,simmedium,28,0.019
1166,facesim,simlarge,28,0.019
1167,facesim,simsmall,32,7.183
1168,facesim,simmedium,32,6.975
1169,facesim,simlarge,32,7.326
1170,facesim,simsmall,1,11.859
1171,facesim,simmedium,1,11.994
1172,facesim,simlarge,1,11.581
1173,facesim,simsmall,2,8.671
1174,facesim,simmedium,2,8.209
1175,facesim,simlarge,2,7.964
1176,facesim,simsmall,4,6.68
1177,facesim,simmedium,4,6.495
1178,facesim,simlarge,4,7.333
1179,facesim,simsmall,8,5.759
1180,facesim,simmedium,8,6.29
1181,facesim,simlarge,8,5.997
1182,facesim,simsmall,12,0.018
1183,facesim,simmedium,12,0.017
1184,facesim,simlarge,12,0.017
1185,facesim,simsmall,16,6.485
1186,facesim,simmedium,16,6.88
1187,facesim,simlarge,16,6.402
1188,facesim,simsmall,20,0.024
1189,facesim,simmedium,20,0.018
1190,facesim,simlarge,20,0.02
1191,facesim,simsmall,24,0.024
1192,facesim,simmedium,24,0.018
1193,facesim,simlarge,24,0.022
1194,facesim,simsmall,28,0.018
1195,facesim,simmedium,28,0.019
1196,facesim,simlarge,28,0.02
1197,facesim,simsmall,32,7.034
1198,facesim,simmedium,32,6.796
1199,facesim,simlarge,32,7.078
1200,fluidanimate,simsmall,1,0.68
1201,fluidanimate,simmedium,1,1.493
1202,fluidanimate,simlarge,1,5.439
1203,fluidanimate,simsmall,2,0.485
1204,fluidanimate,simmedium,2,1.08
1205,fluidanimate,simlarge,2,3.584
1206,fluidanimate,simsmall,4,0.418
1207,fluidanimate,simmedium,4,0.79
1208,fluidanimate,simlarge,4,2.399
1209,fluidanimate,simsmall,8,0.407
1210,fluidanimate,simmedium,8,0.717
1211,fluidanimate,simlarge,8,2.07
1212,fluidanimate,simsmall,12,0.005
1213,fluidanimate,simmedium,12,0.004
1214,fluidanimate,simlarge,12,0.005
1215,fluidanimate,simsmall,16,0.442
1216,fluidanimate,simmedium,16,0.736
1217,fluidanimate,simlarge,16,1.709
1218,fluidanimate,simsmall,20,0.005
1219,fluidanimate,simmedium,20,0.004
1220,fluidanimate,simlarge,20,0.004
1221,fluidanimate,simsmall,24,0.004
1222,fluidanimate,simmedium,24,0.004
1223,fluidanimate,simlarge,24,0.005
1224,fluidanimate,simsmall,28,0.004
1225,fluidanimate,simmedium,28,0.005
1226,fluidanimate,simlarge,28,0.005
1227,fluidanimate,simsmall,32,0.632
1228,fluidanimate,simmedium,32,0.965
1229,fluidanimate,simlarge,32,1.92
1230,fluidanimate,simsmall,1,0.758
1231,fluidanimate,simmedium,1,1.524
1232,fluidanimate,simlarge,1,4.647
1233,fluidanimate,simsmall,2,0.512
1234,fluidanimate,simmedium,2,1.137
1235,fluidanimate,simlarge,2,3.4
1236,fluidanimate,simsmall,4,0.347
1237,fluidanimate,simmedium,4,0.81
1238,fluidanimate,simlarge,4,2.4
1239,fluidanimate,simsmall,8,0.393
1240,fluidanimate,simmedium,8,0.631
1241,fluidanimate,simlarge,8,1.826
1242,fluidanimate,simsmall,12,0.005
1243,fluidanimate,simmedium,12,0.004
1244,fluidanimate,simlarge,12,0.004
1245,fluidanimate,simsmall,16,0.451
1246,fluidanimate,simmedium,16,0.737
1247,fluidanimate,simlarge,16,1.686
1248,fluidanimate,simsmall,20,0.004
1249,fluidanimate,simmedium,20,0.004
1250,fluidanimate,simlarge,20,0.005
1251,fluidanimate,simsmall,24,0.005
1252,fluidanimate,simmedium,24,0.005
1253,fluidanimate,simlarge,24,0.004
1254,fluidanimate,simsmall,28,0.005
1255,fluidanimate,simmedium,28,0.005
1256,fluidanimate,simlarge,28,0.005
1257,fluidanimate,simsmall,32,0.556
1258,fluidanimate,simmedium,32,0.779
1259,fluidanimate,simlarge,32,2.188
1260,fluidanimate,simsmall,1,0.709
1261,fluidanimate,simmedium,1,1.527
1262,fluidanimate,simlarge,1,4.418
1263,fluidanimate,simsmall,2,0.481
1264,fluidanimate,simmedium,2,1.033
1265,fluidanimate,simlarge,2,3.003
1266,fluidanimate,simsmall,4,0.36
1267,fluidanimate,simmedium,4,0.781
1268,fluidanimate,simlarge,4,2.694
1269,fluidanimate,simsmall,8,0.43
1270,fluidanimate,simmedium,8,0.68
1271,fluidanimate,simlarge,8,1.89
1272,fluidanimate,simsmall,12,0.004
1273,fluidanimate,simmedium,12,0.004
1274,fluidanimate,simlarge,12,0.005
1275,fluidanimate,simsmall,16,0.41
1276,fluidanimate,simmedium,16,0.723
1277,fluidanimate,simlarge,16,1.732
1278,fluidanimate,simsmall,20,0.005
1279,fluidanimate,simmedium,20,0.005
1280,fluidanimate,simlarge,20,0.005
1281,fluidanimate,simsmall,24,0.005
1282,fluidanimate,simmedium,24,0.005
1283,fluidanimate,simlarge,24,0.005
1284,fluidanimate,simsmall,28,0.005
1285,fluidanimate,simmedium,28,0.004
1286,fluidanimate,simlarge,28,0.004
1287,fluidanimate,simsmall,32,0.568
1288,fluidanimate,simmedium,32,0.837
1289,fluidanimate,simlarge,32,2.059
1290,fluidanimate,simsmall,1,0.694
1291,fluidanimate,simmedium,1,1.784
1292,fluidanimate,simlarge,1,5.167
1293,fluidanimate,simsmall,2,0.504
1294,fluidanimate,simmedium,2,1.045
1295,fluidanimate,simlarge,2,3.564
1296,fluidanimate,simsmall,4,0.363
1297,fluidanimate,simmedium,4,0.83
1298,fluidanimate,simlarge,4,2.104
1299,fluidanimate,simsmall,8,0.445
1300,fluidanimate,simmedium,8,0.742
1301,fluidanimate,simlarge,8,1.946
1302,fluidanimate,simsmall,12,0.004
1303,fluidanimate,simmedium,12,0.004
1304,fluidanimate,simlarge,12,0.005
1305,fluidanimate,simsmall,16,0.438
1306,fluidanimate,simmedium,16,0.775
1307,fluidanimate,simlarge,16,1.641
1308,fluidanimate,simsmall,20,0.005
1309,fluidanimate,simmedium,20,0.005
1310,fluidanimate,simlarge,20,0.004
1311,fluidanimate,simsmall,24,0.006
1312,fluidanimate,simmedium,24,0.005
1313,fluidanimate,simlarge,24,0.004
1314,fluidanimate,simsmall,28,0.005
1315,fluidanimate,simmedium,28,0.004
1316,fluidanimate,simlarge,28,0.005
1317,fluidanimate,simsmall,32,0.578
1318,fluidanimate,simmedium,32,0.854
1319,fluidanimate,simlarge,32,2.154
1320,fluidanimate,simsmall,1,0.669
1321,fluidanimate,simmedium,1,1.703
1322,fluidanimate,simlarge,1,5.669
1323,fluidanimate,simsmall,2,0.518
1324,fluidanimate,simmedium,2,1.066
1325,fluidanimate,simlarge,2,3.874
1326,fluidanimate,simsmall,4,0.421
1327,fluidanimate,simmedium,4,0.79
1328,fluidanimate,simlarge,4,2.535
1329,fluidanimate,simsmall,8,0.385
1330,fluidanimate,simmedium,8,0.719
1331,fluidanimate,simlarge,8,1.732
1332,fluidanimate,simsmall,12,0.005
1333,fluidanimate,simmedium,12,0.004
1334,fluidanimate,simlarge,12,0.005
1335,fluidanimate,simsmall,16,0.414
1336,fluidanimate,simmedium,16,0.84
1337,fluidanimate,simlarge,16,1.747
1338,fluidanimate,simsmall,20,0.005
1339,fluidanimate,simmedium,20,0.004
1340,fluidanimate,simlarge,20,0.004
1341,fluidanimate,simsmall,24,0.005
1342,fluidanimate,simmedium,24,0.004
1343,fluidanimate,simlarge,24,0.004
1344,fluidanimate,simsmall,28,0.005
1345,fluidanimate,simmedium,28,0.004
1346,fluidanimate,simlarge,28,0.005
1347,fluidanimate,simsmall,32,0.651
1348,fluidanimate,simmedium,32,0.83
1349,fluidanimate,simlarge,32,1.917
1350,fluidanimate,simsmall,1,0.74
1351,fluidanimate,simmedium,1,1.437
1352,fluidanimate,simlarge,1,5.081
1353,fluidanimate,simsmall,2,0.528
1354,fluidanimate,simmedium,2,1.159
1355,fluidanimate,simlarge,2,3.13
1356,fluidanimate,simsmall,4,0.381
1357,fluidanimate,simmedium,4,0.76
1358,fluidanimate,simlarge,4,2.424
1359,fluidanimate,simsmall,8,0.41
1360,fluidanimate,simmedium,8,0.657
1361,fluidanimate,simlarge,8,1.735
1362,fluidanimate,simsmall,12,0.007
1363,fluidanimate,simmedium,12,0.005
1364,fluidanimate,simlarge,12,0.004
1365,fluidanimate,simsmall,16,0.454
1366,fluidanimate,simmedium,16,0.732
1367,fluidanimate,simlarge,16,1.849
1368,fluidanimate,simsmall,20,0.005
1369,fluidanimate,simmedium,20,0.005
1370,fluidanimate,simlarge,20,0.006
1371,fluidanimate,simsmall,24,0.01
1372,fluidanimate,simmedium,24,0.004
1373,fluidanimate,simlarge,24,0.005
1374,fluidanimate,simsmall,28,0.004
1375,fluidanimate,simmedium,28,0.005
1376,fluidanimate,simlarge,28,0.004
1377,fluidanimate,simsmall,32,0.676
1378,fluidanimate,simmedium,32,0.895
1379,fluidanimate,simlarge,32,2.214
1380,fluidanimate,simsmall,1,0.671
1381,fluidanimate,simmedium,1,1.549
1382,fluidanimate,simlarge,1,5.265
1383,fluidanimate,simsmall,2,0.49
1384,fluidanimate,simmedium,2,1.117
1385,fluidanimate,simlarge,2,3.507
1386,fluidanimate,simsmall,4,0.381
1387,fluidanimate,simmedium,4,0.796
1388,fluidanimate,simlarge,4,2.318
1389,fluidanimate,simsmall,8,0.415
1390,fluidanimate,simmedium,8,0.698
1391,fluidanimate,simlarge,8,1.9
1392,fluidanimate,simsmall,12,0.004
1393,fluidanimate,simmedium,12,0.004
1394,fluidanimate,simlarge,12,0.004
1395,fluidanimate,simsmall,16,0.39
1396,fluidanimate,simmedium,16,0.746
1397,fluidanimate,simlarge,16,1.694
1398,fluidanimate,simsmall,20,0.004
1399,fluidanimate,simmedium,20,0.006
1400,fluidanimate,simlarge,20,0.004
1401,fluidanimate,simsmall,24,0.005
1402,fluidanimate,simmedium,24,0.004
1403,fluidanimate,simlarge,24,0.004
1404,fluidanimate,simsmall,28,0.004
1405,fluidanimate,simmedium,28,0.004
1406,fluidanimate,simlarge,28,0.005
1407,fluidanimate,simsmall,32,0.547
1408,fluidanimate,simmedium,32,0.911
1409,fluidanimate,simlarge,32,2.227
1410,fluidanimate,simsmall,1,0.724
1411,fluidanimate,simmedium,1,1.588
1412,fluidanimate,simlarge,1,5.325
1413,fluidanimate,simsmall,2,0.529
1414,fluidanimate,simmedium,2,1.151
1415,fluidanimate,simlarge,2,2.913
1416,fluidanimate,simsmall,4,0.382
1417,fluidanimate,simmedium,4,0.827
1418,fluidanimate,simlarge,4,2.076
1419,fluidanimate,simsmall,8,0.418
1420,fluidanimate,simmedium,8,0.68
1421,fluidanimate,simlarge,8,1.756
1422,fluidanimate,simsmall,12,0.005
1423,fluidanimate,simmedium,12,0.004
1424,fluidanimate,simlarge,12,0.004
1425,fluidanimate,simsmall,16,0.438
1426,fluidanimate,simmedium,16,0.753
1427,fluidanimate,simlarge,16,1.878
1428,fluidanimate,simsmall,20,0.005
1429,fluidanimate,simmedium,20,0.004
1430,fluidanimate,simlarge,20,0.005
1431,fluidanimate,simsmall,24,0.004
1432,fluidanimate,simmedium,24,0.004
1433,fluidanimate,simlarge,24,0.004
1434,fluidanimate,simsmall,28,0.004
1435,fluidanimate,simmedium,28,0.004
1436,fluidanimate,simlarge,28,0.004
1437,fluidanimate,simsmall,32,0.578
1438,fluidanimate,simmedium,32,0.804
1439,fluidanimate,simlarge,32,2.163
1440,fluidanimate,simsmall,1,0.71
1441,fluidanimate,simmedium,1,1.741
1442,fluidanimate,simlarge,1,4.479
1443,fluidanimate,simsmall,2,0.509
1444,fluidanimate,simmedium,2,1.071
1445,fluidanimate,simlarge,2,2.993
1446,fluidanimate,simsmall,4,0.411
1447,fluidanimate,simmedium,4,0.852
1448,fluidanimate,simlarge,4,2.281
1449,fluidanimate,simsmall,8,0.401
1450,fluidanimate,simmedium,8,0.735
1451,fluidanimate,simlarge,8,1.714
1452,fluidanimate,simsmall,12,0.004
1453,fluidanimate,simmedium,12,0.004
1454,fluidanimate,simlarge,12,0.005
1455,fluidanimate,simsmall,16,0.455
1456,fluidanimate,simmedium,16,0.859
1457,fluidanimate,simlarge,16,1.754
1458,fluidanimate,simsmall,20,0.005
1459,fluidanimate,simmedium,20,0.004
1460,fluidanimate,simlarge,20,0.005
1461,fluidanimate,simsmall,24,0.008
1462,fluidanimate,simmedium,24,0.004
1463,fluidanimate,simlarge,24,0.004
1464,fluidanimate,simsmall,28,0.004
1465,fluidanimate,simmedium,28,0.004
1466,fluidanimate,simlarge,28,0.005
1467,fluidanimate,simsmall,32,0.532
1468,fluidanimate,simmedium,32,0.873
1469,fluidanimate,simlarge,32,1.99
1470,fluidanimate,simsmall,1,0.749
1471,fluidanimate,simmedium,1,1.572
1472,fluidanimate,simlarge,1,4.596
1473,fluidanimate,simsmall,2,0.5
1474,fluidanimate,simmedium,2,1.096
1475,fluidanimate,simlarge,2,3.538
1476,fluidanimate,simsmall,4,0.387
1477,fluidanimate,simmedium,4,0.782
1478,fluidanimate,simlarge,4,2.237
1479,fluidanimate,simsmall,8,0.41
1480,fluidanimate,simmedium,8,0.67
1481,fluidanimate,simlarge,8,1.868
1482,fluidanimate,simsmall,12,0.005
1483,fluidanimate,simmedium,12,0.004
1484,fluidanimate,simlarge,12,0.005
1485,fluidanimate,simsmall,16,0.464
1486,fluidanimate,simmedium,16,0.747
1487,fluidanimate,simlarge,16,1.788
1488,fluidanimate,simsmall,20,0.004
1489,fluidanimate,simmedium,20,0.004
1490,fluidanimate,simlarge,20,0.005
1491,fluidanimate,simsmall,24,0.005
1492,fluidanimate,simmedium,24,0.004
1493,fluidanimate,simlarge,24,0.005
1494,fluidanimate,simsmall,28,0.004
1495,fluidanimate,simmedium,28,0.004
1496,fluidanimate,simlarge,28,0.006
1497,fluidanimate,simsmall,32,0.574
1498,fluidanimate,simmedium,32,0.904
1499,fluidanimate,simlarge,32,2.038
1500,freqmine,simsmall,1,0.973
1501,freqmine,simmedium,1,3.579
1502,freqmine,simlarge,1,12.5
1503,freqmine,simsmall,2,0.563
1504,freqmine,simmedium,2,2.099
1505,freqmine,simlarge,2,6.474
1506,freqmine,simsmall,4,0.434
1507,freqmine,simmedium,4,1.303
1508,freqmine,simlarge,4,3.923
1509,freqmine,simsmall,8,0.34
1510,freqmine,simmedium,8,0.997
1511,freqmine,simlarge,8,2.633
1512,freqmine,simsmall,12,0.374
1513,freqmine,simmedium,12,1.0
1514,freqmine,simlarge,12,2.641
1515,freqmine,simsmall,16,0.382
1516,freqmine,simmedium,16,1.003
1517,freqmine,simlarge,16,2.67
1518,freqmine,simsmall,20,0.401
1519,freqmine,simmedium,20,1.024
1520,freqmine,simlarge,20,2.6
1521,freqmine,simsmall,24,0.44
1522,freqmine,simmedium,24,1.071
1523,freqmine,simlarge,24,2.639
1524,freqmine,simsmall,28,0.459
1525,freqmine,simmedium,28,1.181
1526,freqmine,simlarge,28,2.786
1527,freqmine,simsmall,32,0.484
1528,freqmine,simmedium,32,1.107
1529,freqmine,simlarge,32,2.754
1530,freqmine,simsmall,1,0.957
1531,freqmine,simmedium,1,3.639
1532,freqmine,simlarge,1,12.539
1533,freqmine,simsmall,2,0.626
1534,freqmine,simmedium,2,2.076
1535,freqmine,simlarge,2,6.731
1536,freqmine,simsmall,4,0.431
1537,freqmine,simmedium,4,1.225
1538,freqmine,simlarge,4,3.885
1539,freqmine,simsmall,8,0.359
1540,freqmine,simmedium,8,0.976
1541,freqmine,simlarge,8,2.772
1542,freqmine,simsmall,12,0.378
1543,freqmine,simmedium,12,0.986
1544,freqmine,simlarge,12,2.837
1545,freqmine,simsmall,16,0.36
1546,freqmine,simmedium,16,0.989
1547,freqmine,simlarge,16,2.585
1548,freqmine,simsmall,20,0.393
1549,freqmine,simmedium,20,1.016
1550,freqmine,simlarge,20,2.754
1551,freqmine,simsmall,24,0.423
1552,freqmine,simmedium,24,1.088
1553,freqmine,simlarge,24,2.748
1554,freqmine,simsmall,28,0.446
1555,freqmine,simmedium,28,1.035
1556,freqmine,simlarge,28,2.684
1557,freqmine,simsmall,32,0.518
1558,freqmine,simmedium,32,1.114
1559,freqmine,simlarge,32,2.721
1560,freqmine,simsmall,1,0.966
1561,freqmine,simmedium,1,3.586
1562,freqmine,simlarge,1,12.438
1563,freqmine,simsmall,2,0.63
1564,freqmine,simmedium,2,2.097
1565,freqmine,simlarge,2,7.166
1566,freqmine,simsmall,4,0.427
1567,freqmine,simmedium,4,1.324
1568,freqmine,simlarge,4,3.787
1569,freqmine,simsmall,8,0.35
1570,freqmine,simmedium,8,0.972
1571,freqmine,simlarge,8,2.757
1572,freqmine,simsmall,12,0.428
1573,freqmine,simmedium,12,1.0
1574,freqmine,simlarge,12,2.628
1575,freqmine,simsmall,16,0.38
1576,freqmine,simmedium,16,1.007
1577,freqmine,simlarge,16,2.581
1578,freqmine,simsmall,20,0.39
1579,freqmine,simmedium,20,1.078
1580,freqmine,simlarge,20,2.62
1581,freqmine,simsmall,24,0.434
1582,freqmine,simmedium,24,1.092
1583,freqmine,simlarge,24,2.653
1584,freqmine,simsmall,28,0.45
1585,freqmine,simmedium,28,1.119
1586,freqmine,simlarge,28,2.738
1587,freqmine,simsmall,32,0.475
1588,freqmine,simmedium,32,1.07
1589,freqmine,simlarge,32,2.764
1590,freqmine,simsmall,1,0.976
1591,freqmine,simmedium,1,3.605
1592,freqmine,simlarge,1,13.09
1593,freqmine,simsmall,2,0.614
1594,freqmine,simmedium,2,2.064
1595,freqmine,simlarge,2,6.758
1596,freqmine,simsmall,4,0.434
1597,freqmine,simmedium,4,1.285
1598,freqmine,simlarge,4,3.874
1599,freqmine,simsmall,8,0.372
1600,freqmine,simmedium,8,1.012
1601,freqmine,simlarge,8,2.68
1602,freqmine,simsmall,12,0.359
1603,freqmine,simmedium,12,0.952
1604,freqmine,simlarge,12,2.588
1605,freqmine,simsmall,16,0.385
1606,freqmine,simmedium,16,0.998
1607,freqmine,simlarge,16,2.603
1608,freqmine,simsmall,20,0.398
1609,freqmine,simmedium,20,1.049
1610,freqmine,simlarge,20,2.637
1611,freqmine,simsmall,24,0.451
1612,freqmine,simmedium,24,1.07
1613,freqmine,simlarge,24,2.777
1614,freqmine,simsmall,28,0.439
1615,freqmine,simmedium,28,1.085
1616,freqmine,simlarge,28,2.771
1617,freqmine,simsmall,32,0.475
1618,freqmine,simmedium,32,1.13
1619,freqmine,simlarge,32,2.71
1620,freqmine,simsmall,1,0.973
1621,freqmine,simmedium,1,3.536
1622,freqmine,simlarge,1,12.619
1623,freqmine,simsmall,2,0.602
1624,freqmine,simmedium,2,2.052
1625,freqmine,simlarge,2,6.739
1626,freqmine,simsmall,4,0.446
1627,freqmine,simmedium,4,1.271
1628,freqmine,simlarge,4,3.855
1629,freqmine,simsmall,8,0.378
1630,freqmine,simmedium,8,1.007
1631,freqmine,simlarge,8,2.783
1632,freqmine,simsmall,12,0.393
1633,freqmine,simmedium,12,0.972
1634,freqmine,simlarge,12,2.671
1635,freqmine,simsmall,16,0.361
1636,freqmine,simmedium,16,0.994
1637,freqmine,simlarge,16,2.548
1638,freqmine,simsmall,20,0.408
1639,freqmine,simmedium,20,1.048
1640,freqmine,simlarge,20,2.611
1641,freqmine,simsmall,24,0.422
1642,freqmine,simmedium,24,1.089
1643,freqmine,simlarge,24,2.765
1644,freqmine,simsmall,28,0.462
1645,freqmine,simmedium,28,1.096
1646,freqmine,simlarge,28,2.676
1647,freqmine,simsmall,32,0.446
1648,freqmine,simmedium,32,1.108
1649,freqmine,simlarge,32,2.678
1650,freqmine,simsmall,1,0.974
1651,freqmine,simmedium,1,3.6
1652,freqmine,simlarge,1,12.593
1653,freqmine,simsmall,2,0.606
1654,freqmine,simmedium,2,2.059
1655,freqmine,simlarge,2,6.746
1656,freqmine,simsmall,4,0.423
1657,freqmine,simmedium,4,1.26
1658,freqmine,simlarge,4,3.989
1659,freqmine,simsmall,8,0.374
1660,freqmine,simmedium,8,0.959
1661,freqmine,simlarge,8,2.754
1662,freqmine,simsmall,12,0.394
1663,freqmine,simmedium,12,0.946
1664,freqmine,simlarge,12,2.648
1665,freqmine,simsmall,16,0.385
1666,freqmine,simmedium,16,0.986
1667,freqmine,simlarge,16,2.661
1668,freqmine,simsmall,20,0.425
1669,freqmine,simmedium,20,1.043
1670,freqmine,simlarge,20,2.705
1671,freqmine,simsmall,24,0.42
1672,freqmine,simmedium,24,1.109
1673,freqmine,simlarge,24,2.637
1674,freqmine,simsmall,28,0.437
1675,freqmine,simmedium,28,1.099
1676,freqmine,simlarge,28,2.603
1677,freqmine,simsmall,32,0.46
1678,freqmine,simmedium,32,1.127
1679,freqmine,simlarge,32,2.725
1680,freqmine,simsmall,1,0.96
1681,freqmine,simmedium,1,3.648
1682,freqmine,simlarge,1,12.592
1683,freqmine,simsmall,2,0.63
1684,freqmine,simmedium,2,2.131
1685,freqmine,simlarge,2,6.771
1686,freqmine,simsmall,4,0.427
1687,freqmine,simmedium,4,1.286
1688,freqmine,simlarge,4,3.918
1689,freqmine,simsmall,8,0.382
1690,freqmine,simmedium,8,1.013
1691,freqmine,simlarge,8,2.785
1692,freqmine,simsmall,12,0.359
1693,freqmine,simmedium,12,0.98
1694,freqmine,simlarge,12,2.621
1695,freqmine,simsmall,16,0.39
1696,freqmine,simmedium,16,1.008
1697,freqmine,simlarge,16,2.569
1698,freqmine,simsmall,20,0.433
1699,freqmine,simmedium,20,1.022
1700,freqmine,simlarge,20,2.619
1701,freqmine,simsmall,24,0.423
1702,freqmine,simmedium,24,1.097
1703,freqmine,simlarge,24,2.679
1704,freqmine,simsmall,28,0.451
1705,freqmine,simmedium,28,1.081
1706,freqmine,simlarge,28,2.732
1707,freqmine,simsmall,32,0.494
1708,freqmine,simmedium,32,1.165
1709,freqmine,simlarge,32,2.659
1710,freqmine,simsmall,1,0.986
1711,freqmine,simmedium,1,3.58
1712,freqmine,simlarge,1,12.602
1713,freqmine,simsmall,2,0.554
1714,freqmine,simmedium,2,2.103
1715,freqmine,simlarge,2,6.814
1716,freqmine,simsmall,4,0.464
1717,freqmine,simmedium,4,1.277
1718,freqmine,simlarge,4,3.91
1719,freqmine,simsmall,8,0.366
1720,freqmine,simmedium,8,1.025
1721,freqmine,simlarge,8,2.707
1722,freqmine,simsmall,12,0.385
1723,freqmine,simmedium,12,0.991
1724,freqmine,simlarge,12,2.571
1725,freqmine,simsmall,16,0.367
1726,freqmine,simmedium,16,1.029
1727,freqmine,simlarge,16,2.647
1728,freqmine,simsmall,20,0.415
1729,freqmine,simmedium,20,1.036
1730,freqmine,simlarge,20,2.73
1731,freqmine,simsmall,24,0.427
1732,freqmine,simmedium,24,1.06
1733,freqmine,simlarge,24,2.732
1734,freqmine,simsmall,28,0.473
1735,freqmine,simmedium,28,1.135
1736,freqmine,simlarge,28,2.706
1737,freqmine,simsmall,32,0.478
1738,freqmine,simmedium,32,1.114
1739,freqmine,simlarge,32,2.71
1740,freqmine,simsmall,1,0.978
1741,freqmine,simmedium,1,3.572
1742,freqmine,simlarge,1,12.386
1743,freqmine,simsmall,2,0.621
1744,freqmine,simmedium,2,2.053
1745,freqmine,simlarge,2,6.81
1746,freqmine,simsmall,4,0.415
1747,freqmine,simmedium,4,1.311
1748,freqmine,simlarge,4,3.851
1749,freqmine,simsmall,8,0.366
1750,freqmine,simmedium,8,1.011
1751,freqmine,simlarge,8,2.67
1752,freqmine,simsmall,12,0.365
1753,freqmine,simmedium,12,0.967
1754,freqmine,simlarge,12,2.558
1755,freqmine,simsmall,16,0.376
1756,freqmine,simmedium,16,0.98
1757,freqmine,simlarge,16,2.652
1758,freqmine,simsmall,20,0.404
1759,freqmine,simmedium,20,1.027
1760,freqmine,simlarge,20,2.608
1761,freqmine,simsmall,24,0.425
1762,freqmine,simmedium,24,1.078
1763,freqmine,simlarge,24,2.665
1764,freqmine,simsmall,28,0.451
1765,freqmine,simmedium,28,1.116
1766,freqmine,simlarge,28,2.69
1767,freqmine,simsmall,32,0.498
1768,freqmine,simmedium,32,1.112
1769,freqmine,simlarge,32,2.613
1770,freqmine,simsmall,1,0.983
1771,freqmine,simmedium,1,3.582
1772,freqmine,simlarge,1,12.349
1773,freqmine,simsmall,2,0.632
1774,freqmine,simmedium,2,2.037
1775,freqmine,simlarge,2,6.74
1776,freqmine,simsmall,4,0.408
1777,freqmine,simmedium,4,1.278
1778,freqmine,simlarge,4,3.839
1779,freqmine,simsmall,8,0.368
1780,freqmine,simmedium,8,1.008
1781,freqmine,simlarge,8,2.735
1782,freqmine,simsmall,12,0.377
1783,freqmine,simmedium,12,0.972
1784,freqmine,simlarge,12,2.537
1785,freqmine,simsmall,16,0.392
1786,freqmine,simmedium,16,1.029
1787,freqmine,simlarge,16,2.602
1788,freqmine,simsmall,20,0.41
1789,freqmine,simmedium,20,1.086
1790,freqmine,simlarge,20,2.677
1791,freqmine,simsmall,24,0.433
1792,freqmine,simmedium,24,1.082
1793,freqmine,simlarge,24,2.679
1794,freqmine,simsmall,28,0.497
1795,freqmine,simmedium,28,1.126
1796,freqmine,simlarge,28,2.683
1797,freqmine,simsmall,32,0.483
1798,freqmine,simmedium,32,1.098
1799,freqmine,simlarge,32,2.686
1800,streamcluster,simsmall,1,0.439
1801,streamcluster,simmedium,1,2.678
1802,streamcluster,simlarge,1,11.641
1803,streamcluster,simsmall,2,0.301
1804,streamcluster,simmedium,2,1.408
1805,streamcluster,simlarge,2,7.057
1806,streamcluster,simsmall,4,0.309
1807,streamcluster,simmedium,4,0.851
1808,streamcluster,simlarge,4,4.155
1809,streamcluster,simsmall,8,0.616
1810,streamcluster,simmedium,8,1.273
1811,streamcluster,simlarge,8,2.907
1812,streamcluster,simsmall,12,3.793
1813,streamcluster,simmedium,12,2.332
1814,streamcluster,simlarge,12,6.511
1815,streamcluster,simsmall,16,7.1
1816,streamcluster,simmedium,16,8.584
1817,streamcluster,simlarge,16,15.725
1818,streamcluster,simsmall,20,12.577
1819,streamcluster,simmedium,20,14.639
1820,streamcluster,simlarge,20,19.629
1821,streamcluster,simsmall,24,16.942
1822,streamcluster,simmedium,24,14.631
1823,streamcluster,simlarge,24,27.032
1824,streamcluster,simsmall,28,21.705
1825,streamcluster,simmedium,28,25.671
1826,streamcluster,simlarge,28,32.536
1827,streamcluster,simsmall,32,25.237
1828,streamcluster,simmedium,32,32.103
1829,streamcluster,simlarge,32,37.529
1830,streamcluster,simsmall,1,0.467
1831,streamcluster,simmedium,1,2.215
1832,streamcluster,simlarge,1,11.968
1833,streamcluster,simsmall,2,0.278
1834,streamcluster,simmedium,2,1.221
1835,streamcluster,simlarge,2,6.597
1836,streamcluster,simsmall,4,0.384
1837,streamcluster,simmedium,4,0.936
1838,streamcluster,simlarge,4,4.065
1839,streamcluster,simsmall,8,0.535
1840,streamcluster,simmedium,8,1.469
1841,streamcluster,simlarge,8,2.61
1842,streamcluster,simsmall,12,3.942
1843,streamcluster,simmedium,12,5.575
1844,streamcluster,simlarge,12,5.4
1845,streamcluster,simsmall,16,8.421
1846,streamcluster,simmedium,16,9.926
1847,streamcluster,simlarge,16,13.555
1848,streamcluster,simsmall,20,11.714
1849,streamcluster,simmedium,20,15.045
1850,streamcluster,simlarge,20,18.505
1851,streamcluster,simsmall,24,17.33
1852,streamcluster,simmedium,24,19.819
1853,streamcluster,simlarge,24,18.654
1854,streamcluster,simsmall,28,21.637
1855,streamcluster,simmedium,28,23.706
1856,streamcluster,simlarge,28,29.067
1857,streamcluster,simsmall,32,18.189
1858,streamcluster,simmedium,32,27.081
1859,streamcluster,simlarge,32,35.413
1860,streamcluster,simsmall,1,0.448
1861,streamcluster,simmedium,1,2.318
1862,streamcluster,simlarge,1,12.313
1863,streamcluster,simsmall,2,0.279
1864,streamcluster,simmedium,2,1.316
1865,streamcluster,simlarge,2,6.68
1866,streamcluster,simsmall,4,0.337
1867,streamcluster,simmedium,4,0.934
1868,streamcluster,simlarge,4,4.139
1869,streamcluster,simsmall,8,1.122
1870,streamcluster,simmedium,8,1.101
1871,streamcluster,simlarge,8,3.098
1872,streamcluster,simsmall,12,3.344
1873,streamcluster,simmedium,12,4.648
1874,streamcluster,simlarge,12,6.954
1875,streamcluster,simsmall,16,6.908
1876,streamcluster,simmedium,16,10.097
1877,streamcluster,simlarge,16,17.774
1878,streamcluster,simsmall,20,9.236
1879,streamcluster,simmedium,20,13.833
1880,streamcluster,simlarge,20,16.655
1881,streamcluster,simsmall,24,16.686
1882,streamcluster,simmedium,24,14.576
1883,streamcluster,simlarge,24,25.902
1884,streamcluster,simsmall,28,15.786
1885,streamcluster,simmedium,28,23.822
1886,streamcluster,simlarge,28,30.613
1887,streamcluster,simsmall,32,18.595
1888,streamcluster,simmedium,32,27.68
1889,streamcluster,simlarge,32,37.249
1890,streamcluster,simsmall,1,0.421
1891,streamcluster,simmedium,1,2.225
1892,streamcluster,simlarge,1,12.133
1893,streamcluster,simsmall,2,0.318
1894,streamcluster,simmedium,2,1.312
1895,streamcluster,simlarge,2,6.694
1896,streamcluster,simsmall,4,0.368
1897,streamcluster,simmedium,4,0.869
1898,streamcluster,simlarge,4,4.226
1899,streamcluster,simsmall,8,0.75
1900,streamcluster,simmedium,8,1.02
1901,streamcluster,simlarge,8,4.412
1902,streamcluster,simsmall,12,2.565
1903,streamcluster,simmedium,12,3.406
1904,streamcluster,simlarge,12,4.513
1905,streamcluster,simsmall,16,8.576
1906,streamcluster,simmedium,16,10.897
1907,streamcluster,simlarge,16,18.807
1908,streamcluster,simsmall,20,11.651
1909,streamcluster,simmedium,20,15.434
1910,streamcluster,simlarge,20,20.438
1911,streamcluster,simsmall,24,17.334
1912,streamcluster,simmedium,24,19.52
1913,streamcluster,simlarge,24,26.384
1914,streamcluster,simsmall,28,15.032
1915,streamcluster,simmedium,28,24.342
1916,streamcluster,simlarge,28,32.217
1917,streamcluster,simsmall,32,26.242
1918,streamcluster,simmedium,32,21.829
1919,streamcluster,simlarge,32,38.18
1920,streamcluster,simsmall,1,0.478
1921,streamcluster,simmedium,1,2.492
1922,streamcluster,simlarge,1,12.421
1923,streamcluster,simsmall,2,0.346
1924,streamcluster,simmedium,2,1.287
1925,streamcluster,simlarge,2,7.017
1926,streamcluster,simsmall,4,0.339
1927,streamcluster,simmedium,4,0.914
1928,streamcluster,simlarge,4,4.311
1929,streamcluster,simsmall,8,0.599
1930,streamcluster,simmedium,8,2.234
1931,streamcluster,simlarge,8,3.231
1932,streamcluster,simsmall,12,2.316
1933,streamcluster,simmedium,12,3.608
1934,streamcluster,simlarge,12,7.354
1935,streamcluster,simsmall,16,7.316
1936,streamcluster,simmedium,16,11.39
1937,streamcluster,simlarge,16,14.494
1938,streamcluster,simsmall,20,13.022
1939,streamcluster,simmedium,20,15.198
1940,streamcluster,simlarge,20,21.364
1941,streamcluster,simsmall,24,16.089
1942,streamcluster,simmedium,24,19.681
1943,streamcluster,simlarge,24,19.735
1944,streamcluster,simsmall,28,20.835
1945,streamcluster,simmedium,28,25.587
1946,streamcluster,simlarge,28,32.928
1947,streamcluster,simsmall,32,19.939
1948,streamcluster,simmedium,32,28.942
1949,streamcluster,simlarge,32,27.917
1950,streamcluster,simsmall,1,0.459
1951,streamcluster,simmedium,1,2.424
1952,streamcluster,simlarge,1,11.611
1953,streamcluster,simsmall,2,0.289
1954,streamcluster,simmedium,2,1.189
1955,streamcluster,simlarge,2,6.835
1956,streamcluster,simsmall,4,0.304
1957,streamcluster,simmedium,4,0.844
1958,streamcluster,simlarge,4,3.945
1959,streamcluster,simsmall,8,1.14
1960,streamcluster,simmedium,8,1.628
1961,streamcluster,simlarge,8,3.455
1962,streamcluster,simsmall,12,3.676
1963,streamcluster,simmedium,12,2.477
1964,streamcluster,simlarge,12,5.246
1965,streamcluster,simsmall,16,6.874
1966,streamcluster,simmedium,16,10.776
1967,streamcluster,simlarge,16,15.81
1968,streamcluster,simsmall,20,11.86
1969,streamcluster,simmedium,20,14.774
1970,streamcluster,simlarge,20,16.797
1971,streamcluster,simsmall,24,15.549
1972,streamcluster,simmedium,24,20.947
1973,streamcluster,simlarge,24,27.006
1974,streamcluster,simsmall,28,21.63
1975,streamcluster,simmedium,28,24.278
1976,streamcluster,simlarge,28,31.024
1977,streamcluster,simsmall,32,18.274
1978,streamcluster,simmedium,32,21.161
1979,streamcluster,simlarge,32,35.623
1980,streamcluster,simsmall,1,0.461
1981,streamcluster,simmedium,1,2.255
1982,streamcluster,simlarge,1,11.765
1983,streamcluster,simsmall,2,0.302
1984,streamcluster,simmedium,2,1.207
1985,streamcluster,simlarge,2,6.662
1986,streamcluster,simsmall,4,0.306
1987,streamcluster,simmedium,4,0.869
1988,streamcluster,simlarge,4,4.95
1989,streamcluster,simsmall,8,1.252
1990,streamcluster,simmedium,8,0.919
1991,streamcluster,simlarge,8,3.245
1992,streamcluster,simsmall,12,2.224
1993,streamcluster,simmedium,12,4.284
1994,streamcluster,simlarge,12,6.237
1995,streamcluster,simsmall,16,8.428
1996,streamcluster,simmedium,16,10.281
1997,streamcluster,simlarge,16,15.359
1998,streamcluster,simsmall,20,11.139
1999,streamcluster,simmedium,20,14.268
2000,streamcluster,simlarge,20,15.724
2001,streamcluster,simsmall,24,16.375
2002,streamcluster,simmedium,24,19.524
2003,streamcluster,simlarge,24,24.4
2004,streamcluster,simsmall,28,21.517
2005,streamcluster,simmedium,28,22.726
2006,streamcluster,simlarge,28,31.393
2007,streamcluster,simsmall,32,25.274
2008,streamcluster,simmedium,32,21.123
2009,streamcluster,simlarge,32,35.184
2010,streamcluster,simsmall,1,0.463
2011,streamcluster,simmedium,1,2.279
2012,streamcluster,simlarge,1,12.353
2013,streamcluster,simsmall,2,0.331
2014,streamcluster,simmedium,2,1.237
2015,streamcluster,simlarge,2,6.495
2016,streamcluster,simsmall,4,0.344
2017,streamcluster,simmedium,4,0.836
2018,streamcluster,simlarge,4,3.722
2019,streamcluster,simsmall,8,0.593
2020,streamcluster,simmedium,8,1.395
2021,streamcluster,simlarge,8,2.982
2022,streamcluster,simsmall,12,5.127
2023,streamcluster,simmedium,12,4.06
2024,streamcluster,simlarge,12,4.243
2025,streamcluster,simsmall,16,8.334
2026,streamcluster,simmedium,16,10.261
2027,streamcluster,simlarge,16,14.924
2028,streamcluster,simsmall,20,11.252
2029,streamcluster,simmedium,20,14.604
2030,streamcluster,simlarge,20,19.906
2031,streamcluster,simsmall,24,16.602
2032,streamcluster,simmedium,24,17.751
2033,streamcluster,simlarge,24,25.357
2034,streamcluster,simsmall,28,15.349
2035,streamcluster,simmedium,28,24.517
2036,streamcluster,simlarge,28,29.188
2037,streamcluster,simsmall,32,25.194
2038,streamcluster,simmedium,32,27.272
2039,streamcluster,simlarge,32,35.107
2040,streamcluster,simsmall,1,0.406
2041,streamcluster,simmedium,1,2.435
2042,streamcluster,simlarge,1,11.325
2043,streamcluster,simsmall,2,0.289
2044,streamcluster,simmedium,2,1.281
2045,streamcluster,simlarge,2,6.998
2046,streamcluster,simsmall,4,0.3
2047,streamcluster,simmedium,4,0.941
2048,streamcluster,simlarge,4,4.466
2049,streamcluster,simsmall,8,0.676
2050,streamcluster,simmedium,8,1.119
2051,streamcluster,simlarge,8,2.691
2052,streamcluster,simsmall,12,3.45
2053,streamcluster,simmedium,12,8.208
2054,streamcluster,simlarge,12,5.881
2055,streamcluster,simsmall,16,9.02
2056,streamcluster,simmedium,16,11.077
2057,streamcluster,simlarge,16,15.935
2058,streamcluster,simsmall,20,11.595
2059,streamcluster,simmedium,20,14.68
2060,streamcluster,simlarge,20,20.062
2061,streamcluster,simsmall,24,15.623
2062,streamcluster,simmedium,24,20.67
2063,streamcluster,simlarge,24,26.428
2064,streamcluster,simsmall,28,21.141
2065,streamcluster,simmedium,28,24.812
2066,streamcluster,simlarge,28,31.588
2067,streamcluster,simsmall,32,28.123
2068,streamcluster,simmedium,32,29.64
2069,streamcluster,simlarge,32,37.756
2070,streamcluster,simsmall,1,0.417
2071,streamcluster,simmedium,1,2.093
2072,streamcluster,simlarge,1,12.372
2073,streamcluster,simsmall,2,0.288
2074,streamcluster,simmedium,2,1.398
2075,streamcluster,simlarge,2,6.558
2076,streamcluster,simsmall,4,0.292
2077,streamcluster,simmedium,4,0.9
2078,streamcluster,simlarge,4,5.153
2079,streamcluster,simsmall,8,0.601
2080,streamcluster,simmedium,8,1.05
2081,streamcluster,simlarge,8,3.201
2082,streamcluster,simsmall,12,2.882
2083,streamcluster,simmedium,12,4.356
2084,streamcluster,simlarge,12,4.32
2085,streamcluster,simsmall,16,8.497
2086,streamcluster,simmedium,16,10.367
2087,streamcluster,simlarge,16,16.227
2088,streamcluster,simsmall,20,12.186
2089,streamcluster,simmedium,20,11.313
2090,streamcluster,simlarge,20,21.025
2091,streamcluster,simsmall,24,12.83
2092,streamcluster,simmedium,24,16.502
2093,streamcluster,simlarge,24,25.42
2094,streamcluster,simsmall,28,16.179
2095,streamcluster,simmedium,28,24.668
2096,streamcluster,simlarge,28,33.688
2097,streamcluster,simsmall,32,26.097
2098,streamcluster,simmedium,32,21.752
2099,streamcluster,simlarge,32,37.479
2100,swaptions,simsmall,1,0.861
2101,swaptions,simmedium,1,3.393
2102,swaptions,simlarge,1,13.823
2103,swaptions,simsmall,2,0.452
2104,swaptions,simmedium,2,1.771
2105,swaptions,simlarge,2,7.085
2106,swaptions,simsmall,4,0.258
2107,swaptions,simmedium,4,0.989
2108,swaptions,simlarge,4,3.672
2109,swaptions,simsmall,8,0.196
2110,swaptions,simmedium,8,0.532
2111,swaptions,simlarge,8,2.28
2112,swaptions,simsmall,12,0.14
2113,swaptions,simmedium,12,0.374
2114,swaptions,simlarge,12,1.675
2115,swaptions,simsmall,16,0.142
2116,swaptions,simmedium,16,0.429
2117,swaptions,simlarge,16,1.147
2118,swaptions,simsmall,20,0.005
2119,swaptions,simmedium,20,0.415
2120,swaptions,simlarge,20,1.253
2121,swaptions,simsmall,24,0.006
2122,swaptions,simmedium,24,0.464
2123,swaptions,simlarge,24,1.097
2124,swaptions,simsmall,28,0.005
2125,swaptions,simmedium,28,0.356
2126,swaptions,simlarge,28,1.356
2127,swaptions,simsmall,32,0.005
2128,swaptions,simmedium,32,0.514
2129,swaptions,simlarge,32,0.993
2130,swaptions,simsmall,1,0.874
2131,swaptions,simmedium,1,3.571
2132,swaptions,simlarge,1,13.841
2133,swaptions,simsmall,2,0.447
2134,swaptions,simmedium,2,1.78
2135,swaptions,simlarge,2,7.1
2136,swaptions,simsmall,4,0.288
2137,swaptions,simmedium,4,0.906
2138,swaptions,simlarge,4,3.704
2139,swaptions,simsmall,8,0.134
2140,swaptions,simmedium,8,0.587
2141,swaptions,simlarge,8,1.982
2142,swaptions,simsmall,12,0.132
2143,swaptions,simmedium,12,0.368
2144,swaptions,simlarge,12,1.4
2145,swaptions,simsmall,16,0.141
2146,swaptions,simmedium,16,0.418
2147,swaptions,simlarge,16,1.283
2148,swaptions,simsmall,20,0.006
2149,swaptions,simmedium,20,0.538
2150,swaptions,simlarge,20,1.046
2151,swaptions,simsmall,24,0.005
2152,swaptions,simmedium,24,0.508
2153,swaptions,simlarge,24,1.137
2154,swaptions,simsmall,28,0.005
2155,swaptions,simmedium,28,0.775
2156,swaptions,simlarge,28,1.047
2157,swaptions,simsmall,32,0.005
2158,swaptions,simmedium,32,0.454
2159,swaptions,simlarge,32,1.128
2160,swaptions,simsmall,1,0.874
2161,swaptions,simmedium,1,3.457
2162,swaptions,simlarge,1,14.682
2163,swaptions,simsmall,2,0.453
2164,swaptions,simmedium,2,1.796
2165,swaptions,simlarge,2,6.936
2166,swaptions,simsmall,4,0.246
2167,swaptions,simmedium,4,0.917
2168,swaptions,simlarge,4,3.66
2169,swaptions,simsmall,8,0.13
2170,swaptions,simmedium,8,0.612
2171,swaptions,simlarge,8,2.164
2172,swaptions,simsmall,12,0.132
2173,swaptions,simmedium,12,0.477
2174,swaptions,simlarge,12,1.574
2175,swaptions,simsmall,16,0.154
2176,swaptions,simmedium,16,0.413
2177,swaptions,simlarge,16,1.261
2178,swaptions,simsmall,20,0.006
2179,swaptions,simmedium,20,0.493
2180,swaptions,simlarge,20,1.23
2181,swaptions,simsmall,24,0.005
2182,swaptions,simmedium,24,0.326
2183,swaptions,simlarge,24,1.442
2184,swaptions,simsmall,28,0.005
2185,swaptions,simmedium,28,0.567
2186,swaptions,simlarge,28,0.999
2187,swaptions,simsmall,32,0.005
2188,swaptions,simmedium,32,0.496
2189,swaptions,simlarge,32,1.103
2190,swaptions,simsmall,1,0.884
2191,swaptions,simmedium,1,3.487
2192,swaptions,simlarge,1,13.852
2193,swaptions,simsmall,2,0.467
2194,swaptions,simmedium,2,1.762
2195,swaptions,simlarge,2,6.785
2196,swaptions,simsmall,4,0.257
2197,swaptions,simmedium,4,0.913
2198,swaptions,simlarge,4,3.679
2199,swaptions,simsmall,8,0.174
2200,swaptions,simmedium,8,0.59
2201,swaptions,simlarge,8,2.044
2202,swaptions,simsmall,12,0.126
2203,swaptions,simmedium,12,0.362
2204,swaptions,simlarge,12,1.933
2205,swaptions,simsmall,16,0.14
2206,swaptions,simmedium,16,0.381
2207,swaptions,simlarge,16,1.137
2208,swaptions,simsmall,20,0.005
2209,swaptions,simmedium,20,0.334
2210,swaptions,simlarge,20,1.216
2211,swaptions,simsmall,24,0.005
2212,swaptions,simmedium,24,0.339
2213,swaptions,simlarge,24,1.089
2214,swaptions,simsmall,28,0.005
2215,swaptions,simmedium,28,0.479
2216,swaptions,simlarge,28,1.103
2217,swaptions,simsmall,32,0.005
2218,swaptions,simmedium,32,0.603
2219,swaptions,simlarge,32,1.353
2220,swaptions,simsmall,1,0.875
2221,swaptions,simmedium,1,3.416
2222,swaptions,simlarge,1,13.594
2223,swaptions,simsmall,2,0.448
2224,swaptions,simmedium,2,1.697
2225,swaptions,simlarge,2,6.798
2226,swaptions,simsmall,4,0.278
2227,swaptions,simmedium,4,0.945
2228,swaptions,simlarge,4,3.631
2229,swaptions,simsmall,8,0.129
2230,swaptions,simmedium,8,0.574
2231,swaptions,simlarge,8,2.267
2232,swaptions,simsmall,12,0.134
2233,swaptions,simmedium,12,0.496
2234,swaptions,simlarge,12,1.601
2235,swaptions,simsmall,16,0.142
2236,swaptions,simmedium,16,0.373
2237,swaptions,simlarge,16,1.317
2238,swaptions,simsmall,20,0.005
2239,swaptions,simmedium,20,0.455
2240,swaptions,simlarge,20,1.147
2241,swaptions,simsmall,24,0.005
2242,swaptions,simmedium,24,0.327
2243,swaptions,simlarge,24,1.328
2244,swaptions,simsmall,28,0.005
2245,swaptions,simmedium,28,0.44
2246,swaptions,simlarge,28,1.091
2247,swaptions,simsmall,32,0.005
2248,swaptions,simmedium,32,0.353
2249,swaptions,simlarge,32,1.417
2250,swaptions,simsmall,1,0.875
2251,swaptions,simmedium,1,3.518
2252,swaptions,simlarge,1,13.91
2253,swaptions,simsmall,2,0.442
2254,swaptions,simmedium,2,1.776
2255,swaptions,simlarge,2,6.989
2256,swaptions,simsmall,4,0.23
2257,swaptions,simmedium,4,0.918
2258,swaptions,simlarge,4,3.743
2259,swaptions,simsmall,8,0.147
2260,swaptions,simmedium,8,0.589
2261,swaptions,simlarge,8,1.956
2262,swaptions,simsmall,12,0.126
2263,swaptions,simmedium,12,0.386
2264,swaptions,simlarge,12,1.392
2265,swaptions,simsmall,16,0.132
2266,swaptions,simmedium,16,0.424
2267,swaptions,simlarge,16,1.615
2268,swaptions,simsmall,20,0.005
2269,swaptions,simmedium,20,0.433
2270,swaptions,simlarge,20,1.105
2271,swaptions,simsmall,24,0.005
2272,swaptions,simmedium,24,0.371
2273,swaptions,simlarge,24,1.186
2274,swaptions,simsmall,28,0.005
2275,swaptions,simmedium,28,0.346
2276,swaptions,simlarge,28,1.04
2277,swaptions,simsmall,32,0.007
2278,swaptions,simmedium,32,0.457
2279,swaptions,simlarge,32,1.292
2280,swaptions,simsmall,1,0.869
2281,swaptions,simmedium,1,3.432
2282,swaptions,simlarge,1,13.659
2283,swaptions,simsmall,2,0.476
2284,swaptions,simmedium,2,1.787
2285,swaptions,simlarge,2,7.053
2286,swaptions,simsmall,4,0.269
2287,swaptions,simmedium,4,1.007
2288,swaptions,simlarge,4,3.64
2289,swaptions,simsmall,8,0.184
2290,swaptions,simmedium,8,0.483
2291,swaptions,simlarge,8,1.988
2292,swaptions,simsmall,12,0.199
2293,swaptions,simmedium,12,0.391
2294,swaptions,simlarge,12,1.359
2295,swaptions,simsmall,16,0.154
2296,swaptions,simmedium,16,0.52
2297,swaptions,simlarge,16,1.314
2298,swaptions,simsmall,20,0.005
2299,swaptions,simmedium,20,0.359
2300,swaptions,simlarge,20,1.145
2301,swaptions,simsmall,24,0.005
2302,swaptions,simmedium,24,0.365
2303,swaptions,simlarge,24,1.256
2304,swaptions,simsmall,28,0.006
2305,swaptions,simmedium,28,0.5
2306,swaptions,simlarge,28,1.112
2307,swaptions,simsmall,32,0.005
2308,swaptions,simmedium,32,0.545
2309,swaptions,simlarge,32,1.155
2310,swaptions,simsmall,1,0.857
2311,swaptions,simmedium,1,3.655
2312,swaptions,simlarge,1,13.796
2313,swaptions,simsmall,2,0.467
2314,swaptions,simmedium,2,1.75
2315,swaptions,simlarge,2,7.25
2316,swaptions,simsmall,4,0.242
2317,swaptions,simmedium,4,0.905
2318,swaptions,simlarge,4,3.949
2319,swaptions,simsmall,8,0.183
2320,swaptions,simmedium,8,0.581
2321,swaptions,simlarge,8,2.257
2322,swaptions,simsmall,12,0.132
2323,swaptions,simmedium,12,0.488
2324,swaptions,simlarge,12,1.619
2325,swaptions,simsmall,16,0.181
2326,swaptions,simmedium,16,0.373
2327,swaptions,simlarge,16,1.186
2328,swaptions,simsmall,20,0.005
2329,swaptions,simmedium,20,0.311
2330,swaptions,simlarge,20,1.22
2331,swaptions,simsmall,24,0.005
2332,swaptions,simmedium,24,0.716
2333,swaptions,simlarge,24,1.181
2334,swaptions,simsmall,28,0.006
2335,swaptions,simmedium,28,0.379
2336,swaptions,simlarge,28,1.066
2337,swaptions,simsmall,32,0.005
2338,swaptions,simmedium,32,0.804
2339,swaptions,simlarge,32,1.27
2340,swaptions,simsmall,1,0.907
2341,swaptions,simmedium,1,3.493
2342,swaptions,simlarge,1,13.528
2343,swaptions,simsmall,2,0.458
2344,swaptions,simmedium,2,1.741
2345,swaptions,simlarge,2,7.13
2346,swaptions,simsmall,4,0.242
2347,swaptions,simmedium,4,0.986
2348,swaptions,simlarge,4,3.564
2349,swaptions,simsmall,8,0.185
2350,swaptions,simmedium,8,0.485
2351,swaptions,simlarge,8,2.032
2352,swaptions,simsmall,12,0.129
2353,swaptions,simmedium,12,0.404
2354,swaptions,simlarge,12,1.403
2355,swaptions,simsmall,16,0.136
2356,swaptions,simmedium,16,0.395
2357,swaptions,simlarge,16,1.281
2358,swaptions,simsmall,20,0.006
2359,swaptions,simmedium,20,0.363
2360,swaptions,simlarge,20,1.201
2361,swaptions,simsmall,24,0.005
2362,swaptions,simmedium,24,0.424
2363,swaptions,simlarge,24,1.007
2364,swaptions,simsmall,28,0.005
2365,swaptions,simmedium,28,0.481
2366,swaptions,simlarge,28,1.429
2367,swaptions,simsmall,32,0.005
2368,swaptions,simmedium,32,0.534
2369,swaptions,simlarge,32,1.148
2370,swaptions,simsmall,1,0.825
2371,swaptions,simmedium,1,3.444
2372,swaptions,simlarge,1,13.701
2373,swaptions,simsmall,2,0.443
2374,swaptions,simmedium,2,1.8
2375,swaptions,simlarge,2,6.993
2376,swaptions,simsmall,4,0.23
2377,swaptions,simmedium,4,1.06
2378,swaptions,simlarge,4,3.68
2379,swaptions,simsmall,8,0.13
2380,swaptions,simmedium,8,0.584
2381,swaptions,simlarge,8,1.862
2382,swaptions,simsmall,12,0.156
2383,swaptions,simmedium,12,0.373
2384,swaptions,simlarge,12,1.408
2385,swaptions,simsmall,16,0.162
2386,swaptions,simmedium,16,0.35
2387,swaptions,simlarge,16,1.341
2388,swaptions,simsmall,20,0.005
2389,swaptions,simmedium,20,0.405
2390,swaptions,simlarge,20,1.015
2391,swaptions,simsmall,24,0.006
2392,swaptions,simmedium,24,0.467
2393,swaptions,simlarge,24,1.128
2394,swaptions,simsmall,28,0.005
2395,swaptions,simmedium,28,0.362
2396,swaptions,simlarge,28,1.242
2397,swaptions,simsmall,32,0.006
2398,swaptions,simmedium,32,0.59
2399,swaptions,simlarge,32,1.265
2400,vips,simsmall,1,1.336
2401,vips,simmedium,1,4.216
2402,vips,simlarge,1,11.06
2403,vips,simsmall,2,0.736
2404,vips,simmedium,2,2.249
2405,vips,simlarge,2,5.79
2406,vips,simsmall,4,0.449
2407,vips,simmedium,4,1.287
2408,vips,simlarge,4,3.194
2409,vips,simsmall,8,0.309
2410,vips,simmedium,8,0.791
2411,vips,simlarge,8,2.036
2412,vips,simsmall,12,0.284
2413,vips,simmedium,12,0.665
2414,vips,simlarge,12,1.587
2415,vips,simsmall,16,0.346
2416,vips,simmedium,16,0.64
2417,vips,simlarge,16,1.436
2418,vips,simsmall,20,0.361
2419,vips,simmedium,20,0.689
2420,vips,simlarge,20,1.456
2421,vips,simsmall,24,0.4
2422,vips,simmedium,24,0.782
2423,vips,simlarge,24,1.56
2424,vips,simsmall,28,0.408
2425,vips,simmedium,28,0.784
2426,vips,simlarge,28,1.528
2427,vips,simsmall,32,0.415
2428,vips,simmedium,32,0.774
2429,vips,simlarge,32,1.606
2430,vips,simsmall,1,1.342
2431,vips,simmedium,1,4.171
2432,vips,simlarge,1,10.841
2433,vips,simsmall,2,0.73
2434,vips,simmedium,2,2.099
2435,vips,simlarge,2,5.804
2436,vips,simsmall,4,0.443
2437,vips,simmedium,4,1.262
2438,vips,simlarge,4,3.197
2439,vips,simsmall,8,0.314
2440,vips,simmedium,8,0.772
2441,vips,simlarge,8,1.976
2442,vips,simsmall,12,0.297
2443,vips,simmedium,12,0.653
2444,vips,simlarge,12,1.592
2445,vips,simsmall,16,0.332
2446,vips,simmedium,16,0.634
2447,vips,simlarge,16,1.449
2448,vips,simsmall,20,0.354
2449,vips,simmedium,20,0.697
2450,vips,simlarge,20,1.549
2451,vips,simsmall,24,0.401
2452,vips,simmedium,24,0.718
2453,vips,simlarge,24,1.525
2454,vips,simsmall,28,0.385
2455,vips,simmedium,28,0.717
2456,vips,simlarge,28,1.564
2457,vips,simsmall,32,0.392
2458,vips,simmedium,32,0.757
2459,vips,simlarge,32,1.609
2460,vips,simsmall,1,1.327
2461,vips,simmedium,1,3.927
2462,vips,simlarge,1,10.716
2463,vips,simsmall,2,0.821
2464,vips,simmedium,2,2.211
2465,vips,simlarge,2,5.761
2466,vips,simsmall,4,0.454
2467,vips,simmedium,4,1.247
2468,vips,simlarge,4,3.198
2469,vips,simsmall,8,0.353
2470,vips,simmedium,8,0.792
2471,vips,simlarge,8,1.973
2472,vips,simsmall,12,0.311
2473,vips,simmedium,12,0.668
2474,vips,simlarge,12,1.568
2475,vips,simsmall,16,0.324
2476,vips,simmedium,16,0.638
2477,vips,simlarge,16,1.484
2478,vips,simsmall,20,0.347
2479,vips,simmedium,20,0.701
2480,vips,simlarge,20,1.49
2481,vips,simsmall,24,0.412
2482,vips,simmedium,24,0.751
2483,vips,simlarge,24,1.603
2484,vips,simsmall,28,0.406
2485,vips,simmedium,28,0.75
2486,vips,simlarge,28,1.579
2487,vips,simsmall,32,0.425
2488,vips,simmedium,32,0.77
2489,vips,simlarge,32,1.589
2490,vips,simsmall,1,1.28
2491,vips,simmedium,1,4.217
2492,vips,simlarge,1,10.653
2493,vips,simsmall,2,0.71
2494,vips,simmedium,2,2.127
2495,vips,simlarge,2,5.854
2496,vips,simsmall,4,0.468
2497,vips,simmedium,4,1.242
2498,vips,simlarge,4,3.261
2499,vips,simsmall,8,0.321
2500,vips,simmedium,8,0.786
2501,vips,simlarge,8,1.991
2502,vips,simsmall,12,0.276
2503,vips,simmedium,12,0.633
2504,vips,simlarge,12,1.578
2505,vips,simsmall,16,0.356
2506,vips,simmedium,16,0.658
2507,vips,simlarge,16,1.404
2508,vips,simsmall,20,0.353
2509,vips,simmedium,20,0.68
2510,vips,simlarge,20,1.477
2511,vips,simsmall,24,0.385
2512,vips,simmedium,24,0.722
2513,vips,simlarge,24,1.521
2514,vips,simsmall,28,0.379
2515,vips,simmedium,28,0.727
2516,vips,simlarge,28,1.543
2517,vips,simsmall,32,0.426
2518,vips,simmedium,32,0.812
2519,vips,simlarge,32,1.596
2520,vips,simsmall,1,1.355
2521,vips,simmedium,1,3.775
2522,vips,simlarge,1,10.507
2523,vips,simsmall,2,0.733
2524,vips,simmedium,2,2.172
2525,vips,simlarge,2,5.825
2526,vips,simsmall,4,0.451
2527,vips,simmedium,4,1.193
2528,vips,simlarge,4,3.185
2529,vips,simsmall,8,0.333
2530,vips,simmedium,8,0.78
2531,vips,simlarge,8,1.956
2532,vips,simsmall,12,0.303
2533,vips,simmedium,12,0.645
2534,vips,simlarge,12,1.577
2535,vips,simsmall,16,0.315
2536,vips,simmedium,16,0.608
2537,vips,simlarge,16,1.409
2538,vips,simsmall,20,0.346
2539,vips,simmedium,20,0.679
2540,vips,simlarge,20,1.478
2541,vips,simsmall,24,0.387
2542,vips,simmedium,24,0.689
2543,vips,simlarge,24,1.533
2544,vips,simsmall,28,0.404
2545,vips,simmedium,28,0.725
2546,vips,simlarge,28,1.584
2547,vips,simsmall,32,0.415
2548,vips,simmedium,32,0.784
2549,vips,simlarge,32,1.631
2550,vips,simsmall,1,1.356
2551,vips,simmedium,1,4.098
2552,vips,simlarge,1,11.006
2553,vips,simsmall,2,0.753
2554,vips,simmedium,2,2.158
2555,vips,simlarge,2,5.931
2556,vips,simsmall,4,0.452
2557,vips,simmedium,4,1.271
2558,vips,simlarge,4,3.211
2559,vips,simsmall,8,0.305
2560,vips,simmedium,8,0.805
2561,vips,simlarge,8,1.995
2562,vips,simsmall,12,0.27
2563,vips,simmedium,12,0.658
2564,vips,simlarge,12,1.584
2565,vips,simsmall,16,0.314
2566,vips,simmedium,16,0.641
2567,vips,simlarge,16,1.461
2568,vips,simsmall,20,0.346
2569,vips,simmedium,20,0.659
2570,vips,simlarge,20,1.518
2571,vips,simsmall,24,0.38
2572,vips,simmedium,24,0.711
2573,vips,simlarge,24,1.556
2574,vips,simsmall,28,0.421
2575,vips,simmedium,28,0.774
2576,vips,simlarge,28,1.662
2577,vips,simsmall,32,0.471
2578,vips,simmedium,32,0.747
2579,vips,simlarge,32,1.6
2580,vips,simsmall,1,1.302
2581,vips,simmedium,1,4.016
2582,vips,simlarge,1,10.91
2583,vips,simsmall,2,0.755
2584,vips,simmedium,2,2.252
2585,vips,simlarge,2,5.795
2586,vips,simsmall,4,0.455
2587,vips,simmedium,4,1.235
2588,vips,simlarge,4,3.272
2589,vips,simsmall,8,0.33
2590,vips,simmedium,8,0.799
2591,vips,simlarge,8,1.998
2592,vips,simsmall,12,0.356
2593,vips,simmedium,12,0.709
2594,vips,simlarge,12,1.65
2595,vips,simsmall,16,0.298
2596,vips,simmedium,16,0.653
2597,vips,simlarge,16,1.463
2598,vips,simsmall,20,0.356
2599,vips,simmedium,20,0.683
2600,vips,simlarge,20,1.497
2601,vips,simsmall,24,0.378
2602,vips,simmedium,24,0.717
2603,vips,simlarge,24,1.554
2604,vips,simsmall,28,0.427
2605,vips,simmedium,28,0.807
2606,vips,simlarge,28,1.61
2607,vips,simsmall,32,0.432
2608,vips,simmedium,32,0.765
2609,vips,simlarge,32,1.681
2610,vips,simsmall,1,1.368
2611,vips,simmedium,1,3.854
2612,vips,simlarge,1,11.068
2613,vips,simsmall,2,0.744
2614,vips,simmedium,2,2.304
2615,vips,simlarge,2,5.887
2616,vips,simsmall,4,0.456
2617,vips,simmedium,4,1.217
2618,vips,simlarge,4,3.291
2619,vips,simsmall,8,0.332
2620,vips,simmedium,8,0.809
2621,vips,simlarge,8,2.027
2622,vips,simsmall,12,0.294
2623,vips,simmedium,12,0.67
2624,vips,simlarge,12,1.643
2625,vips,simsmall,16,0.328
2626,vips,simmedium,16,0.699
2627,vips,simlarge,16,1.549
2628,vips,simsmall,20,0.358
2629,vips,simmedium,20,0.684
2630,vips,simlarge,20,1.51
2631,vips,simsmall,24,0.37
2632,vips,simmedium,24,0.718
2633,vips,simlarge,24,1.53
2634,vips,simsmall,28,0.413
2635,vips,simmedium,28,0.732
2636,vips,simlarge,28,1.549
2637,vips,simsmall,32,0.393
2638,vips,simmedium,32,0.791
2639,vips,simlarge,32,1.615
2640,vips,simsmall,1,1.348
2641,vips,simmedium,1,4.108
2642,vips,simlarge,1,10.745
2643,vips,simsmall,2,0.76
2644,vips,simmedium,2,2.286
2645,vips,simlarge,2,5.901
2646,vips,simsmall,4,0.444
2647,vips,simmedium,4,1.215
2648,vips,simlarge,4,3.227
2649,vips,simsmall,8,0.322
2650,vips,simmedium,8,0.787
2651,vips,simlarge,8,1.982
2652,vips,simsmall,12,0.301
2653,vips,simmedium,12,0.635
2654,vips,simlarge,12,1.559
2655,vips,simsmall,16,0.309
2656,vips,simmedium,16,0.673
2657,vips,simlarge,16,1.426
2658,vips,simsmall,20,0.369
2659,vips,simmedium,20,0.738
2660,vips,simlarge,20,1.507
2661,vips,simsmall,24,0.355
2662,vips,simmedium,24,0.703
2663,vips,simlarge,24,1.553
2664,vips,simsmall,28,0.383
2665,vips,simmedium,28,0.739
2666,vips,simlarge,28,1.589
2667,vips,simsmall,32,0.419
2668,vips,simmedium,32,0.797
2669,vips,simlarge,32,1.602
2670,vips,simsmall,1,1.338
2671,vips,simmedium,1,4.241
2672,vips,simlarge,1,11.083
2673,vips,simsmall,2,0.71
2674,vips,simmedium,2,2.279
2675,vips,simlarge,2,5.864
2676,vips,simsmall,4,0.458
2677,vips,simmedium,4,1.266
2678,vips,simlarge,4,3.282
2679,vips,simsmall,8,0.306
2680,vips,simmedium,8,0.786
2681,vips,simlarge,8,1.998
2682,vips,simsmall,12,0.28
2683,vips,simmedium,12,0.659
2684,vips,simlarge,12,1.589
2685,vips,simsmall,16,0.311
2686,vips,simmedium,16,0.649
2687,vips,simlarge,16,1.418
2688,vips,simsmall,20,0.335
2689,vips,simmedium,20,0.682
2690,vips,simlarge,20,1.502
2691,vips,simsmall,24,0.363
2692,vips,simmedium,24,0.733
2693,vips,simlarge,24,1.576
2694,vips,simsmall,28,0.41
2695,vips,simmedium,28,0.748
2696,vips,simlarge,28,1.58
2697,vips,simsmall,32,0.444
2698,vips,simmedium,32,0.781
2699,vips,simlarge,32,1.579
